UserID,UserNo,Name,Email,IP Address,Unique ID,Started,Device Type,Network Experience,Call Experience,Data Experience,SMS Experience,Locality
214558438,1,,,80.85.100.22,,04/04/2023 15:13,Other,3,N/A,N/A,N/A,N/A
215028594,2,,,185.5.48.30,,14/04/2023 10:03,Samsung,6,N/A,N/A,N/A,N/A
215028596,3,,,77.71.168.135,,14/04/2023 10:03,iPhone,8,N/A,N/A,N/A,N/A
215028651,4,,,46.11.242.235,,14/04/2023 10:04,Samsung,9,N/A,N/A,N/A,N/A
215028652,5,,,141.8.20.32,,14/04/2023 10:04,iPhone,10,N/A,N/A,N/A,N/A
215028657,6,,,185.5.48.9,,14/04/2023 10:03,Samsung,7,N/A,N/A,N/A,N/A
215028659,7,,,92.251.94.87,,14/04/2023 10:04,iPhone,9,N/A,N/A,N/A,N/A
215028671,8,,,92.251.61.100,,14/04/2023 10:04,iPhone,7,N/A,N/A,N/A,N/A
215028691,9,,,46.11.169.81,,14/04/2023 10:04,Samsung,10,N/A,N/A,N/A,N/A
215028693,10,,,185.5.48.37,,14/04/2023 10:04,Samsung,4,N/A,N/A,N/A,N/A
215028697,11,,,185.5.48.34,,14/04/2023 10:04,Huawei,9,N/A,N/A,N/A,N/A
215028718,12,,,78.133.59.38,,14/04/2023 10:03,iPhone,2,N/A,N/A,N/A,N/A
215028725,13,,,78.133.59.38,,14/04/2023 10:06,iPhone,2,N/A,N/A,N/A,N/A
215028738,14,,,185.5.48.2,,14/04/2023 10:04,iPhone,8,N/A,N/A,N/A,N/A
215028805,15,,,195.158.98.128,,14/04/2023 10:07,iPhone,4,N/A,N/A,N/A,N/A
215028838,16,,,77.25.197.201,,14/04/2023 10:08,iPhone,10,N/A,N/A,N/A,N/A
215028840,17,,,88.203.6.194,,14/04/2023 10:06,iPhone,6,N/A,N/A,N/A,N/A
215028896,18,,,185.5.48.37,,14/04/2023 10:08,Xiaomi,8,N/A,N/A,N/A,N/A
215028905,19,,,185.5.48.145,,14/04/2023 10:05,Samsung,10,N/A,N/A,N/A,N/A
215028951,20,,,185.5.48.155,,14/04/2023 10:09,iPhone,4,N/A,N/A,N/A,N/A
215028962,21,,,212.56.134.50,,14/04/2023 10:08,Xiaomi,6,N/A,N/A,N/A,N/A
215028992,22,,,46.11.173.42,,14/04/2023 10:09,iPhone,4,N/A,N/A,N/A,N/A
215028998,23,,,195.158.105.27,,14/04/2023 10:07,Xiaomi,8,N/A,N/A,N/A,N/A
215029155,24,,,185.5.48.149,,14/04/2023 10:09,iPhone,3,N/A,N/A,N/A,N/A
215029182,25,,,185.5.48.174,,14/04/2023 10:07,iPhone,4,N/A,N/A,N/A,N/A
215029485,26,,,195.158.94.178,,14/04/2023 10:14,Huawei,4,N/A,N/A,N/A,N/A
215029897,27,,,185.5.48.23,,14/04/2023 10:24,iPhone,7,N/A,N/A,N/A,N/A
215030093,28,,,141.8.78.115,,14/04/2023 10:27,iPhone,9,N/A,N/A,N/A,N/A
215030375,29,,,185.5.48.150,,14/04/2023 10:30,Xiaomi,1,N/A,N/A,N/A,N/A
215031300,30,,,185.5.48.18,,14/04/2023 10:48,iPhone,2,N/A,N/A,N/A,N/A
215031622,31,,,185.5.48.147,,14/04/2023 10:51,Samsung,10,N/A,N/A,N/A,N/A
215033005,32,,,185.5.48.147,,14/04/2023 11:15,iPhone,9,N/A,N/A,N/A,Birkirkara
215033177,33,,,185.5.48.29,,14/04/2023 11:16,Xiaomi,1,N/A,N/A,N/A,Birkirkara
215033178,34,,,195.158.110.60,,14/04/2023 11:12,Xiaomi,9,N/A,N/A,N/A,N/A
215033429,35,,,185.5.48.42,,14/04/2023 11:19,Samsung,10,10,10,10,Santa Venera
215034250,36,,,46.11.193.131,,14/04/2023 11:30,iPhone,3,5,3,4,Gzira
215036290,37,,,109.200.47.85,,14/04/2023 12:00,Xiaomi,1,4,1,1,Birkirkara
215037141,38,,,77.25.193.39,,14/04/2023 12:11,Xiaomi,10,10,10,10,Mosta
215037748,39,,,92.251.59.130,,14/04/2023 12:25,Samsung,8,9,8,9,Birkirkara
215041180,40,,,46.11.126.237,,14/04/2023 13:17,Samsung,9,10,9,9,Birkirkara
215043298,41,,,185.5.48.137,,14/04/2023 13:50,iPhone,5,9,3,9,Birkirkara
215044767,42,,,2a0c:5a84:e80b:ae00:3123:1948:7301:cca5,,14/04/2023 14:12,iPhone,5,5,4,10,San Giljan
215045433,43,,,46.11.29.42,,14/04/2023 14:21,iPhone,5,5,3,9,Birkirkara
215049498,44,,,46.11.199.41,,14/04/2023 15:13,iPhone,5,5,4,9,Birkirkara
215053043,45,,,188.172.69.80,,14/04/2023 15:54,Samsung,9,7,7,8,Birkirkara
215059220,46,,,185.5.48.151,,14/04/2023 17:38,Samsung,10,10,8,10,Birkirkara
215060936,47,,,46.11.107.38,,14/04/2023 18:27,Samsung,7,6,7,6,Birkirkara
215061890,48,,,185.5.48.175,,14/04/2023 18:47,iPhone,1,5,3,9,San Pawl il-Bahar
215072519,49,,,195.158.96.84,,15/04/2023 06:39,Samsung,8,9,8,9,Birkirkara
215137131,50,,,185.5.48.129,,16/04/2023 02:56,Huawei,8,10,8,10,Birkirkara
215140084,51,,,46.11.106.30,,16/04/2023 08:08,iPhone,1,1,1,1,Birkirkara
215239685,52,,,185.5.48.15,,17/04/2023 20:12,iPhone,2,3,3,3,Santa Venera
215258232,53,,,195.158.81.231,,18/04/2023 08:43,Xiaomi,8,8,7,9,Birkirkara
215258324,54,,,185.5.48.20,,18/04/2023 08:43,iPhone,3,2,2,9,Birkirkara
215258365,55,,,77.25.197.65,,18/04/2023 08:44,Samsung,10,9,10,10,Birkirkara
215258409,56,,,195.158.100.23,,18/04/2023 08:43,Samsung,3,9,6,9,Birkirkara
215258439,57,,,141.8.127.41,,18/04/2023 08:44,OnePlus,8,9,9,10,Birkirkara
215258500,58,,,141.8.39.122,,18/04/2023 08:44,Samsung,6,6,6,10,Iklin
215258690,59,,,213.165.172.103,,18/04/2023 08:46,iPhone,9,9,8,9,Birkirkara
215258733,60,,,185.5.48.158,,18/04/2023 08:46,Samsung,10,10,10,10,Msida
215258795,61,,,212.56.139.244,,18/04/2023 08:46,Samsung,4,8,4,8,Birkirkara
215258803,62,,,185.5.48.154,,18/04/2023 08:45,OnePlus,2,7,1,7,Birkirkara
215258819,63,,,92.251.117.144,,18/04/2023 08:47,Samsung,9,10,8,10,Iklin
215258938,64,,,94.138.255.243,,18/04/2023 08:47,Samsung,3,3,5,8,Birkirkara
215258955,65,,,185.5.48.150,,18/04/2023 08:48,iPhone,5,7,5,5,San Gwann
215258990,66,,,185.5.48.144,,18/04/2023 08:48,Samsung,1,2,1,7,Birkirkara
215259101,67,,,185.5.48.152,,18/04/2023 08:48,Other,8,10,8,10,Qormi
215259170,68,,,185.5.48.12,,18/04/2023 08:49,Samsung,5,2,5,6,Birkirkara
215259247,69,,,185.5.48.5,,18/04/2023 08:50,Samsung,8,10,10,10,Lija
215259270,70,,,185.5.48.52,,18/04/2023 08:51,iPhone,1,3,1,10,Pieta
215259301,71,,,109.200.32.253,,18/04/2023 08:46,Xiaomi,4,4,1,8,Birkirkara
215259317,72,,,94.17.120.176,,18/04/2023 08:51,Samsung,5,9,4,10,Birkirkara
215259670,73,,,185.5.48.28,,18/04/2023 08:54,Samsung,3,3,3,3,Qormi
215259709,74,,,185.5.48.138,,18/04/2023 08:52,Other,4,4,7,8,Birkirkara
215259882,75,,,185.5.48.4,,18/04/2023 08:57,OnePlus,10,9,10,9,Qormi
215260245,76,,,185.5.48.10,,18/04/2023 08:58,iPhone,10,10,10,10,Birkirkara
215260457,77,,,185.5.48.155,,18/04/2023 08:58,Samsung,8,5,5,1,Birkirkara
215260517,78,,,77.25.154.59,,18/04/2023 09:03,Other,1,1,1,1,Attard
215261538,79,,,185.5.48.143,,18/04/2023 09:13,Samsung,7,7,8,9,Birkirkara
215262847,80,,,185.5.48.45,,18/04/2023 09:28,iPhone,3,3,4,5,Birkirkara
215264023,81,,,185.5.48.6,,18/04/2023 09:39,Samsung,10,10,10,10,Birkirkara
215264317,82,,,185.5.48.19,,18/04/2023 09:43,iPhone,2,5,3,2,Birgu
215264478,83,,,37.75.34.40,,18/04/2023 09:45,iPhone,10,10,8,10,Isla
215264526,84,,,94.17.50.86,,18/04/2023 09:46,iPhone,7,10,7,10,Isla
215264562,85,,,77.71.183.16,,18/04/2023 09:45,Xiaomi,9,9,8,9,Kalkara
215264575,86,,,185.5.48.132,,18/04/2023 09:46,Samsung,7,7,7,8,Kalkara
215264629,87,,,94.17.118.181,,18/04/2023 09:46,iPhone,1,1,7,1,Kalkara
215264844,88,,,185.5.48.136,,18/04/2023 09:49,iPhone,10,10,10,10,Kalkara
215264930,89,,,185.5.48.168,,18/04/2023 09:48,Huawei,3,3,3,3,Bormla
215264933,90,,,141.8.36.41,,18/04/2023 09:49,iPhone,7,7,6,8,Kalkara
215265051,91,,,46.11.37.57,,18/04/2023 09:50,iPhone,1,1,1,6,Kalkara
215265124,92,,,185.5.48.166,,18/04/2023 09:50,Other,8,8,6,10,Kalkara
215265492,93,,,195.158.77.42,,18/04/2023 09:55,iPhone,5,8,7,10,Swieqi
215265737,94,,,94.17.34.206,,18/04/2023 09:46,iPhone,9,9,8,9,Isla
215266016,95,,,69.6.42.70,,18/04/2023 10:00,Samsung,7,9,7,9,Kalkara
215266531,96,,,141.8.121.108,,18/04/2023 10:05,Samsung,9,10,8,8,Santa Venera
215267415,97,,,185.5.48.24,,18/04/2023 10:13,iPhone,1,1,2,8,Msida
215267458,98,,,185.5.48.7,,18/04/2023 10:13,Samsung,7,7,5,10,Marsaskala
215267486,99,,,185.5.48.140,,18/04/2023 10:14,Xiaomi,6,9,7,10,Zejtun
215267487,100,,,185.5.48.129,,18/04/2023 10:14,Samsung,8,10,10,10,Marsaskala
215267584,101,,,85.232.217.184,,18/04/2023 10:12,OnePlus,7,8,9,9,Marsaskala
215267586,102,,,185.5.48.24,,18/04/2023 10:15,iPhone,3,2,3,5,Marsaskala
215267602,103,,,185.5.48.132,,18/04/2023 10:16,iPhone,8,8,6,8,Marsaskala
215267716,104,,,185.5.48.169,,18/04/2023 10:16,Xiaomi,9,9,8,5,Marsaskala
215267738,105,,,94.17.114.7,,18/04/2023 10:15,iPhone,5,4,7,7,Marsaskala
215267760,106,,,85.232.217.128,,18/04/2023 10:16,Samsung,7,9,7,8,Marsaskala
215267861,107,,,185.5.48.21,,18/04/2023 10:18,OnePlus,6,5,5,7,Zabbar
215267879,108,,,195.158.92.140,,18/04/2023 10:18,Xiaomi,10,10,10,10,Zabbar
215267917,109,,,2a09:bac2:48d3:1282::1d8:1fb,,18/04/2023 10:16,iPhone,5,5,10,10,Marsaskala
215267919,110,,,77.71.195.250,,18/04/2023 10:17,Samsung,9,9,9,9,Gzira
215267967,111,,,185.5.48.166,,18/04/2023 10:18,OnePlus,10,10,10,10,Marsaskala
215268010,112,,,185.5.48.46,,18/04/2023 10:16,iPhone,3,4,3,6,Marsaskala
215268014,113,,,185.5.48.168,,18/04/2023 10:19,Samsung,10,9,10,10,Zabbar
215268024,114,,,46.11.145.27,,18/04/2023 10:19,iPhone,10,10,10,10,Marsaskala
215268099,115,,,185.5.48.34,,18/04/2023 10:17,iPhone,3,1,2,8,Birzebbuga
215268125,116,,,185.5.48.164,,18/04/2023 10:19,iPhone,1,3,1,8,Marsaskala
215268134,117,,,185.5.48.166,,18/04/2023 10:19,iPhone,1,6,4,4,Zabbar
215268166,118,,,185.5.48.20,,18/04/2023 10:17,Samsung,5,2,8,8,Marsaskala
215268177,119,,,185.5.48.140,,18/04/2023 10:20,Other,8,10,7,10,Marsaskala
215268183,120,,,213.165.184.174,,18/04/2023 10:19,Samsung,4,8,8,7,Marsaskala
215268224,121,,,185.5.48.132,,18/04/2023 10:21,Samsung,10,9,9,10,Zabbar
215268250,122,,,46.11.127.123,,18/04/2023 10:19,Other,5,8,4,10,Zabbar
215268269,123,,,185.5.48.33,,18/04/2023 10:22,iPhone,2,2,2,2,Zejtun
215268309,124,,,185.5.48.53,,18/04/2023 10:20,Samsung,7,10,7,10,Zabbar
215268334,125,,,141.8.112.97,,18/04/2023 10:21,Samsung,3,1,3,3,Zabbar
215268347,126,,,195.158.73.175,,18/04/2023 10:22,iPhone,5,7,6,6,Zejtun
215268415,127,,,185.5.48.173,,18/04/2023 10:22,Other,1,6,1,10,Fgura
215268419,128,,,185.5.48.174,,18/04/2023 10:22,iPhone,1,4,1,5,Zabbar
215268448,129,,,185.5.48.41,,18/04/2023 10:23,Samsung,10,8,9,10,Zabbar
215268598,130,,,185.5.48.16,,18/04/2023 10:22,Xiaomi,2,8,1,5,Zabbar
215268599,131,,,69.6.61.122,,18/04/2023 10:19,Samsung,8,10,8,10,Zurrieq
215268621,132,,,185.5.48.41,,18/04/2023 10:23,Other,6,8,6,8,Luqa
215268663,133,,,185.5.48.141,,18/04/2023 10:24,iPhone,1,1,1,7,Luqa
215268688,134,,,195.158.80.170,,18/04/2023 10:23,Samsung,9,10,10,10,Kalkara
215268715,135,,,77.71.198.231,,18/04/2023 10:23,iPhone,8,8,9,10,Zejtun
215268748,136,,,185.5.48.129,,18/04/2023 10:24,Samsung,8,7,8,7,Attard
215268754,137,,,185.5.48.158,,18/04/2023 10:25,iPhone,1,1,1,1,Marsaskala
215268780,138,,,195.158.83.153,,18/04/2023 10:25,iPhone,1,10,1,10,Zejtun
215268790,139,,,185.5.48.38,,18/04/2023 10:25,iPhone,3,7,3,7,Gudja
215268804,140,,,185.5.48.134,,18/04/2023 10:25,Samsung,10,10,9,10,Zejtun
215268807,141,,,195.158.104.27,,18/04/2023 10:23,iPhone,2,2,5,5,Zabbar
215268812,142,,,92.251.75.127,,18/04/2023 10:23,iPhone,7,10,7,10,Zejtun
215268871,143,,,78.133.116.98,,18/04/2023 10:24,Samsung,10,10,10,10,Zabbar
215268890,144,,,37.75.56.158,,18/04/2023 10:27,Samsung,7,7,7,7,Ghaxaq
215268933,145,,,185.5.48.171,,18/04/2023 10:27,Xiaomi,2,2,2,5,Ghaxaq
215268965,146,,,185.5.48.175,,18/04/2023 10:26,Xiaomi,1,7,1,5,Marsaskala
215268972,147,,,78.133.74.254,,18/04/2023 10:27,OnePlus,2,2,4,3,Ghaxaq
215268997,148,,,185.5.48.160,,18/04/2023 10:25,iPhone,1,1,1,1,Marsaskala
215269022,149,,,185.5.48.166,,18/04/2023 10:28,Samsung,1,1,2,5,Ghaxaq
215269026,150,,,185.5.48.174,,18/04/2023 10:28,Samsung,9,10,10,10,Zabbar
215269048,151,,,185.5.48.2,,18/04/2023 10:21,iPhone,3,4,5,4,Xghajra
215269051,152,,,185.5.48.147,,18/04/2023 10:27,iPhone,7,8,5,8,Ghaxaq
215269053,153,,,185.5.48.180,,18/04/2023 10:25,Xiaomi,6,6,5,10,Ghaxaq
215269061,154,,,213.165.186.199,,18/04/2023 10:28,iPhone,1,8,2,10,Luqa
215269151,155,,,185.5.48.11,,18/04/2023 10:28,Samsung,10,10,10,10,Ghaxaq
215269167,156,,,185.5.48.53,,18/04/2023 10:28,Samsung,7,7,7,10,Zejtun
215269181,157,,,78.133.78.115,,18/04/2023 10:28,Samsung,2,4,3,5,Ghaxaq
215269221,158,,,185.5.48.143,,18/04/2023 10:29,iPhone,8,10,5,10,Marsaskala
215269322,159,,,213.165.170.182,,18/04/2023 10:30,Samsung,3,6,3,8,Gzira
215269367,160,,,46.11.185.165,,18/04/2023 10:30,Samsung,4,5,5,5,Ghaxaq
215269372,161,,,185.5.48.7,,18/04/2023 10:31,Xiaomi,8,9,8,10,San Gwann
215269395,162,,,185.5.48.23,,18/04/2023 10:30,Xiaomi,2,1,3,10,Hal Far
215269424,163,,,141.8.44.39,,18/04/2023 10:31,iPhone,1,1,6,6,Ghaxaq
215269492,164,,,185.5.48.43,,18/04/2023 10:32,Xiaomi,7,7,7,7,Birkirkara
215269496,165,,,69.6.58.33,,18/04/2023 10:32,Huawei,7,8,10,10,Ghaxaq
215269520,166,,,195.158.84.203,,18/04/2023 10:28,iPhone,3,3,9,9,Ghaxaq
215269531,167,,,185.5.48.141,,18/04/2023 10:32,Samsung,8,9,8,9,Zurrieq
215269534,168,,,213.165.181.50,,18/04/2023 10:32,Other,10,10,7,9,Marsaskala
215269535,169,,,185.5.48.171,,18/04/2023 10:31,Xiaomi,1,2,2,3,Attard
215269552,170,,,46.11.89.102,,18/04/2023 10:31,iPhone,10,9,10,10,Marsaskala
215269581,171,,,185.5.48.171,,18/04/2023 10:32,iPhone,4,7,3,7,"Paola,Malta"
215269628,172,,,46.11.32.77,,18/04/2023 10:32,iPhone,5,5,5,7,Fgura
215269630,173,,,195.158.92.218,,18/04/2023 10:34,iPhone,3,8,7,10,Zurrieq
215269645,174,,,46.11.51.235,,18/04/2023 10:30,iPhone,2,5,1,10,Fgura
215269678,175,,,88.203.77.177,,18/04/2023 10:34,iPhone,3,3,5,10,Zejtun
215269686,176,,,141.8.27.226,,18/04/2023 10:34,Samsung,7,8,7,10,Siggiewi
215269717,177,,,185.5.48.170,,18/04/2023 10:31,Samsung,5,5,5,9,Marsaskala
215269759,178,,,185.5.48.46,,18/04/2023 10:35,iPhone,10,10,10,10,Birzebbuga
215269774,179,,,185.5.48.35,,18/04/2023 10:33,iPhone,2,2,1,5,Birzebbuga
215269846,180,,,185.5.48.1,,18/04/2023 10:33,Samsung,3,8,5,8,Zejtun
215269857,181,,,195.158.79.26,,18/04/2023 10:34,iPhone,3,2,3,10,Zabbar
215269880,182,,,185.5.48.152,,18/04/2023 10:35,iPhone,1,3,1,10,Hal Far
215269947,183,,,185.5.48.150,,18/04/2023 10:37,iPhone,8,8,8,8,Hal Far
215269958,184,,,185.5.48.181,,18/04/2023 10:36,iPhone,2,1,1,5,Zejtun
215269961,185,,,77.71.200.110,,18/04/2023 10:37,Samsung,9,9,9,9,Marsaskala
215270001,186,,,185.5.48.163,,18/04/2023 10:36,Samsung,6,9,5,10,Birzebbuga
215270032,187,,,185.5.48.14,,18/04/2023 10:35,Samsung,9,10,10,10,Birzebbuga
215270070,188,,,185.5.48.8,,18/04/2023 10:37,Xiaomi,4,4,5,6,Zurrieq
215270165,189,,,185.5.48.144,,18/04/2023 10:39,Samsung,5,8,5,10,Zejtun
215270166,190,,,185.5.48.45,,18/04/2023 10:38,Xiaomi,1,1,1,5,Zejtun
215270168,191,,,185.5.48.140,,18/04/2023 10:37,Samsung,1,10,1,10,Birzebbuga
215270175,192,,,185.5.48.25,,18/04/2023 10:34,OnePlus,4,4,9,9,Mosta
215270212,193,,,185.5.48.6,,18/04/2023 10:39,Samsung,8,7,7,8,Zejtun
215270266,194,,,185.5.48.53,,18/04/2023 10:36,Samsung,10,10,10,10,Zabbar
215270420,195,,,88.203.63.223,,18/04/2023 10:36,Samsung,4,4,4,4,Zabbar
215270447,196,,,185.5.48.7,,18/04/2023 10:40,Huawei,5,8,1,8,Hal Far
215270537,197,,,88.203.18.2,,18/04/2023 10:40,Xiaomi,1,1,3,1,Zabbar
215270559,198,,,185.5.48.23,,18/04/2023 10:42,iPhone,1,1,1,10,Birzebbuga
215270709,199,,,185.5.48.181,,18/04/2023 10:43,Samsung,8,8,9,9,Qormi
215270811,200,,,185.5.48.143,,18/04/2023 10:44,Samsung,3,3,3,5,Birzebbuga
215270881,201,,,46.11.243.231,,18/04/2023 10:45,iPhone,1,1,1,5,Ghaxaq
215271113,202,,,185.5.48.152,,18/04/2023 10:48,Xiaomi,4,4,3,5,Marsaxlokk
215271325,203,,,185.5.48.19,,18/04/2023 10:32,iPhone,1,8,1,10,Birzebbuga
215271336,204,,,92.251.106.37,,18/04/2023 10:47,Xiaomi,7,10,7,9,Zabbar
215271339,205,,,185.5.48.167,,18/04/2023 10:45,OnePlus,10,10,10,10,Bormla
215271359,206,,,185.5.48.44,,18/04/2023 10:50,Samsung,1,1,8,7,Zabbar
215271364,207,,,185.5.48.150,,18/04/2023 10:50,Samsung,3,3,3,4,Zejtun
215271374,208,,,185.5.48.10,,18/04/2023 10:49,Xiaomi,5,8,8,8,Birzebbuga
215271407,209,,,2a02:26f7:bc84:cb81:0:b84d:39f7:8f14,,18/04/2023 10:51,iPhone,3,8,6,8,Birkirkara
215271488,210,,,185.5.48.44,,18/04/2023 10:52,Huawei,9,9,8,9,Tarxien
215271731,211,,,185.5.48.7,,18/04/2023 10:54,Xiaomi,1,1,1,5,Kalafrana
215271880,212,,,141.8.13.191,,18/04/2023 10:37,iPhone,9,9,9,10,Birzebbuga
215271950,213,,,195.158.86.198,,18/04/2023 10:52,Samsung,8,10,10,10,Zejtun
215271991,214,,,84.255.48.3,,18/04/2023 10:56,Xiaomi,7,10,10,10,Birkirkara
215272003,215,,,185.5.48.40,,18/04/2023 10:55,Samsung,3,8,4,7,Msida
215272081,216,,,92.251.92.25,,18/04/2023 09:45,iPhone,2,4,3,6,Birkirkara
215272086,217,,,185.5.48.170,,18/04/2023 10:58,Samsung,10,10,10,10,Gudja
215272106,218,,,80.254.86.216,,18/04/2023 10:55,iPhone,1,1,3,1,Zurrieq
215272220,219,,,185.5.48.8,,18/04/2023 10:57,OnePlus,1,1,1,10,Birzebbuga
215272323,220,,,185.5.48.32,,18/04/2023 10:57,Xiaomi,9,10,10,5,Ghaxaq
215272557,221,,,185.5.48.29,,18/04/2023 10:58,Samsung,9,10,10,10,Zejtun
215272656,222,,,84.255.44.218,,18/04/2023 11:02,Samsung,4,4,4,4,Marsaskala
215272703,223,,,94.17.38.3,,18/04/2023 11:03,iPhone,7,8,6,5,Marsaskala
215272753,224,,,185.5.48.147,,18/04/2023 11:03,Samsung,1,10,1,10,Marsaskala
215272869,225,,,185.5.48.152,,18/04/2023 11:04,OnePlus,8,8,8,8,Ghaxaq
215273010,226,,,84.255.29.70,,18/04/2023 11:06,iPhone,1,7,1,5,Zejtun
215273038,227,,,185.5.48.154,,18/04/2023 11:04,Samsung,5,5,5,5,Marsaskala
215273054,228,,,92.251.107.83,,18/04/2023 10:58,iPhone,4,2,2,9,Birzebbuga
215273064,229,,,185.5.48.41,,18/04/2023 11:06,Samsung,9,9,8,10,Birkirkara
215273077,230,,,185.5.48.33,,18/04/2023 11:04,iPhone,5,5,5,8,Kalkara
215273184,231,,,185.5.48.159,,18/04/2023 11:09,iPhone,1,1,1,5,Hal Far
215273231,232,,,185.5.48.146,,18/04/2023 11:07,Xiaomi,3,3,3,9,Marsaskala
215273297,233,,,185.5.48.153,,18/04/2023 11:09,iPhone,1,3,1,1,Birzebbuga
215273504,234,,,185.5.48.35,,18/04/2023 11:09,iPhone,2,10,2,10,Kalkara
215273520,235,,,94.17.97.143,,18/04/2023 11:10,Huawei,9,10,9,9,Marsaskala
215273594,236,,,185.5.48.6,,18/04/2023 11:10,Xiaomi,2,5,2,7,Luqa
215273623,237,,,46.11.30.59,,18/04/2023 11:11,iPhone,8,10,8,10,Marsaskala
215273813,238,,,185.5.48.25,,18/04/2023 11:14,iPhone,2,3,1,10,Valletta
215273821,239,,,185.5.48.53,,18/04/2023 11:13,Samsung,9,9,9,9,Mellieha
215273883,240,,,195.158.109.157,,18/04/2023 11:14,Samsung,10,10,10,10,Marsaskala
215274019,241,,,185.5.48.170,,18/04/2023 11:14,Xiaomi,4,5,4,6,Birzebbuga
215274211,242,,,185.5.48.1,,18/04/2023 11:17,iPhone,3,6,1,6,Zejtun
215274452,243,,,92.251.27.84,,18/04/2023 11:18,Samsung,9,8,7,9,Zabbar
215274469,244,,,185.5.48.20,,18/04/2023 11:05,Samsung,4,3,6,4,Birkirkara
215274605,245,,,185.5.48.144,,18/04/2023 11:20,Samsung,8,9,8,10,Valletta
215274721,246,,,88.203.87.184,,18/04/2023 11:21,iPhone,8,10,8,9,Bir id-Deheb
215274724,247,,,88.203.87.184,,18/04/2023 11:21,iPhone,8,10,8,9,Bir id-Deheb
215275235,248,,,185.5.48.165,,18/04/2023 11:27,Samsung,9,9,9,10,Zejtun
215275372,249,,,185.5.48.172,,18/04/2023 11:28,iPhone,4,1,4,4,Zabbar
215275484,250,,,185.5.48.139,,18/04/2023 11:28,iPhone,1,1,5,5,Zejtun
215275991,251,,,195.158.111.208,,18/04/2023 11:34,Samsung,7,7,7,7,Birzebbuga
215276143,252,,,141.8.110.145,,18/04/2023 11:36,iPhone,9,9,9,9,Marsaskala
215276270,253,,,213.165.186.34,,18/04/2023 11:37,Samsung,5,4,2,10,Zejtun
215276586,254,,,94.138.255.246,,18/04/2023 11:40,Samsung,9,10,10,10,Marsaskala
215277000,255,,,195.158.72.103,,18/04/2023 11:40,Samsung,4,3,7,5,Rabat (Malta)
215277061,256,,,2a09:bac2:48d3:16a0::241:1c,,18/04/2023 11:44,iPhone,5,7,5,6,Birzebbuga
215277419,257,,,94.17.105.247,,18/04/2023 11:48,iPhone,6,7,6,7,Marsaskala
215278223,258,,,185.5.48.7,,18/04/2023 11:50,iPhone,10,10,10,10,Zabbar
215278300,259,,,185.5.48.2,,18/04/2023 11:54,Xiaomi,1,10,1,10,Ghaxaq
215278411,260,,,185.5.48.45,,18/04/2023 11:57,OnePlus,3,3,7,9,Ghaxaq
215278781,261,,,185.5.48.45,,18/04/2023 12:00,iPhone,7,8,6,5,Birkirkara
215278951,262,,,185.5.48.154,,18/04/2023 12:02,iPhone,1,1,1,7,Gudja
215279610,263,,,185.5.48.132,,18/04/2023 12:07,Xiaomi,10,10,9,9,Birkirkara
215279805,264,,,88.203.100.186,,18/04/2023 12:10,Xiaomi,10,9,10,9,Zejtun
215279913,265,,,185.5.48.173,,18/04/2023 12:08,iPhone,7,9,7,9,Bugibba
215279933,266,,,213.165.160.252,,18/04/2023 10:53,iPhone,8,10,10,10,Valletta
215280083,267,,,185.5.48.6,,18/04/2023 12:12,iPhone,5,8,3,8,Msida
215280284,268,,,94.17.187.130,,18/04/2023 12:13,Samsung,3,5,3,10,Zejtun
215281192,269,,,92.251.18.248,,18/04/2023 12:23,iPhone,1,1,3,5,Birgu
215281311,270,,,185.89.239.119,,18/04/2023 12:25,Other,9,8,8,8,Fgura
215282925,271,,,185.5.48.11,,18/04/2023 12:39,Samsung,5,8,3,8,Birzebbuga
215283814,272,,,185.5.48.171,,18/04/2023 12:45,iPhone,1,10,1,10,Birkirkara
215284010,273,,,185.5.48.143,,18/04/2023 12:50,iPhone,6,7,6,7,Marsaskala
215285279,274,,,185.5.48.144,,18/04/2023 13:01,Other,9,10,8,10,Ghaxaq
215285923,275,,,185.5.48.52,,18/04/2023 11:22,Samsung,5,10,7,10,Zejtun
215286193,276,,,185.5.48.148,,18/04/2023 13:08,Samsung,10,10,10,10,Zejtun
215287339,277,,,185.5.48.145,,18/04/2023 13:18,Samsung,6,8,6,10,Marsaskala
215287738,278,,,185.5.48.1,,18/04/2023 13:22,Samsung,10,10,10,10,Birzebbuga
215288228,279,,,77.25.156.102,,18/04/2023 13:26,iPhone,6,8,6,10,Zabbar
215288230,280,,,185.5.48.174,,18/04/2023 13:26,iPhone,6,8,6,8,Birzebbuga
215288489,281,,,94.17.44.154,,18/04/2023 13:27,iPhone,7,7,7,10,Ghaxaq
215288861,282,,,92.251.62.161,,18/04/2023 13:31,Samsung,10,10,10,10,Zejtun
215289491,283,,,88.203.103.68,,18/04/2023 13:37,Samsung,5,6,9,6,Zabbar
215293195,284,,,185.5.48.17,,18/04/2023 14:08,iPhone,1,1,1,5,Zejtun
215294531,285,,,141.8.101.205,,18/04/2023 14:17,Samsung,5,8,2,10,Msida
215294798,286,,,84.255.43.206,,18/04/2023 14:21,iPhone,7,6,6,7,Zejtun
215295160,287,,,45.144.113.218,,18/04/2023 14:23,iPhone,7,8,8,7,Marsaskala
215295444,288,,,185.5.48.131,,18/04/2023 14:15,Other,10,10,10,10,Zabbar
215297277,289,,,69.6.61.238,,18/04/2023 14:37,Samsung,7,8,7,9,Zabbar
215298211,290,,,185.5.48.146,,18/04/2023 14:47,Samsung,9,10,10,10,Birzebbuga
215299069,291,,,185.5.48.42,,18/04/2023 14:50,Huawei,8,10,7,10,Hal Far
215302903,292,,,77.25.136.74,,18/04/2023 15:24,OnePlus,2,2,3,8,Ta' Qali
215304897,293,,,185.5.48.33,,18/04/2023 15:40,Xiaomi,2,1,1,1,Xghajra
215309288,294,,,141.8.5.60,,18/04/2023 16:24,Xiaomi,1,2,3,3,Marsaskala
215309301,295,,,85.232.217.56,,18/04/2023 16:24,Huawei,3,3,4,7,San Gwann
215312683,296,,,94.17.252.226,,18/04/2023 16:57,iPhone,1,3,1,3,Birkirkara
215313734,297,,,88.203.119.204,,18/04/2023 17:09,iPhone,2,1,8,10,Iklin
215314055,298,,,141.8.102.169,,18/04/2023 17:10,Samsung,1,1,10,10,Ghaxaq
215314185,299,,,185.5.48.5,,18/04/2023 17:14,Samsung,5,5,5,10,Mosta
215315727,300,,,92.251.5.97,,18/04/2023 17:27,Samsung,1,2,3,3,Ghaxaq
215315872,301,,,141.8.127.41,,18/04/2023 17:32,iPhone,9,9,10,10,Birkirkara
215316424,302,,,94.17.231.248,,18/04/2023 17:39,iPhone,1,1,5,5,Birzebbuga
215317707,303,,,92.251.124.240,,18/04/2023 17:54,Xiaomi,7,7,7,7,Hal Far
215319006,304,,,185.5.48.145,,18/04/2023 18:04,Samsung,1,6,1,6,Zejtun
215319025,305,,,185.5.48.42,,18/04/2023 18:05,Samsung,5,5,4,10,Tarxien
215320478,306,,,185.5.48.174,,18/04/2023 18:22,Huawei,5,9,3,6,Xghajra
215320600,307,,,141.8.46.241,,18/04/2023 18:24,OnePlus,5,5,3,5,Santa Venera
215321115,308,,,92.251.73.71,,18/04/2023 18:28,Xiaomi,10,10,10,10,Zejtun
215321420,309,,,185.5.48.169,,18/04/2023 18:33,iPhone,6,6,6,6,Birkirkara
215321920,310,,,185.5.48.21,,18/04/2023 18:40,iPhone,2,6,1,8,Birzebbuga
215322081,311,,,84.255.28.199,,18/04/2023 18:43,Samsung,5,8,1,10,Gudja
215322426,312,,,85.232.221.89,,18/04/2023 18:44,Samsung,4,8,2,10,Hamrun
215322489,313,,,185.5.48.36,,18/04/2023 18:46,Samsung,2,6,1,6,Birkirkara
215323593,314,,,185.5.48.6,,18/04/2023 19:03,Samsung,6,8,6,10,Zabbar
215324770,315,,,195.158.101.27,,18/04/2023 19:18,Samsung,5,5,5,10,Santa Venera
215326124,316,,,77.71.170.219,,18/04/2023 19:36,iPhone,1,1,1,1,Zabbar
215327182,317,,,94.17.104.188,,18/04/2023 19:53,OnePlus,1,1,5,5,Ghaxaq
215328469,318,,,85.232.212.221,,18/04/2023 20:13,Samsung,1,7,8,7,Marsaskala
215332115,319,,,46.11.126.114,,18/04/2023 21:11,Samsung,2,3,2,1,Birkirkara
215332319,320,,,94.17.119.220,,18/04/2023 21:17,iPhone,3,5,3,10,Ghaxaq
215340045,321,,,78.133.14.212,,19/04/2023 01:11,iPhone,9,10,9,10,Birkirkara
215342804,322,,,46.11.241.151,,19/04/2023 05:20,OnePlus,8,8,7,10,San Gwann
215342864,323,,,185.5.48.47,,19/04/2023 05:24,Samsung,10,10,10,10,Marsaskala
215343441,324,,,185.5.48.173,,19/04/2023 06:12,Samsung,9,9,9,9,Marsaskala
215343557,325,,,212.65.104.13,,19/04/2023 06:23,OnePlus,9,9,10,10,Marsaskala
215344220,326,,,185.5.48.139,,19/04/2023 06:55,iPhone,8,7,7,9,Birzebbuga
215344965,327,,,195.158.70.182,,19/04/2023 07:21,Xiaomi,4,4,4,3,Zabbar
215352432,328,,,46.11.7.116,,19/04/2023 09:12,Other,6,6,6,7,Birzebbuga
215355365,329,,,185.5.48.174,,19/04/2023 09:41,Samsung,2,2,1,7,Zabbar
215359251,330,,,85.232.217.24,,19/04/2023 10:18,iPhone,5,7,9,10,Tarxien
215362259,331,,,85.232.210.162,,19/04/2023 10:43,Samsung,8,8,8,9,Zejtun
215365553,332,,,213.165.162.12,,19/04/2023 11:12,iPhone,2,7,2,8,Ghaxaq
215379986,333,,,185.5.48.145,,19/04/2023 13:15,iPhone,9,9,8,9,Tarxien
215381701,334,,,185.5.48.9,,19/04/2023 13:31,Samsung,6,8,7,9,Marsaskala
215398505,335,,,185.5.48.130,,19/04/2023 15:41,Xiaomi,4,4,4,8,Attard
215400904,336,,,185.5.48.169,,19/04/2023 16:02,iPhone,9,9,8,10,Santa Lucija
215409046,337,,,185.5.48.45,,19/04/2023 17:10,Samsung,7,9,8,8,Zejtun
215409570,338,,,185.5.48.154,,19/04/2023 17:15,Samsung,8,8,9,8,Birzebbuga
215411664,339,,,195.158.68.91,,19/04/2023 17:40,iPhone,6,9,4,9,"Paola,Malta"
215424002,340,,,185.5.48.12,,19/04/2023 21:05,Samsung,10,10,9,10,Marsaskala
215426140,341,,,92.251.27.31,,19/04/2023 21:56,Samsung,10,10,10,10,Zejtun
215431734,342,,,188.172.74.114,,20/04/2023 04:02,Samsung,6,7,6,7,Zejtun
215432396,343,,,185.5.48.149,,20/04/2023 05:18,iPhone,5,6,7,6,Marsaskala
215432584,344,,,194.158.51.178,,20/04/2023 05:42,Huawei,5,3,8,5,Ghaxaq
215432902,345,,,94.138.255.245,,20/04/2023 06:13,OnePlus,8,10,9,9,Marsaskala
215434620,346,,,185.5.48.167,,20/04/2023 07:29,Samsung,7,7,7,7,Birkirkara
215455689,347,,,185.5.48.16,,20/04/2023 11:38,iPhone,1,6,6,6,Marsaskala
215458717,348,,,185.5.48.133,,20/04/2023 12:16,Samsung,9,8,7,9,Birgu
215464516,349,,,88.203.24.187,,20/04/2023 13:15,iPhone,8,10,5,10,Valletta
215475173,350,,,78.133.85.180,,20/04/2023 15:04,iPhone,10,8,6,10,Birkirkara
215482741,351,,,188.172.85.113,,20/04/2023 16:12,Samsung,2,6,3,6,Xghajra
215495199,352,,,77.25.141.247,,20/04/2023 19:32,iPhone,5,8,4,10,Birkirkara
215496909,353,,,92.251.9.102,,20/04/2023 20:07,iPhone,1,1,3,5,Mriehel
215505973,354,,,141.8.113.242,,21/04/2023 03:06,Samsung,1,1,7,8,Kalkara
215507321,355,,,94.17.200.81,,21/04/2023 05:44,Samsung,5,7,4,9,Hal Far
215507776,356,,,195.158.68.53,,21/04/2023 06:16,Xiaomi,1,3,1,8,Birzebbuga
215547609,357,,,78.133.81.129,,21/04/2023 15:18,iPhone,3,3,8,5,Qrendi
215547691,358,,,141.8.88.204,,21/04/2023 15:18,iPhone,2,3,2,7,Qrendi
215547883,359,,,185.5.48.165,,21/04/2023 15:20,OnePlus,5,3,7,7,Marsaxlokk
215547915,360,,,185.5.48.17,,21/04/2023 15:22,Xiaomi,8,9,8,10,Tarxien
215547963,361,,,195.158.68.84,,21/04/2023 15:19,Samsung,4,6,5,7,Xlendi
215547989,362,,,185.5.48.5,,21/04/2023 15:21,iPhone,2,8,1,8,Birzebbuga
215547991,363,,,185.5.48.9,,21/04/2023 15:22,iPhone,1,2,1,5,Luqa
215548012,364,,,185.5.48.13,,21/04/2023 15:21,OnePlus,7,10,3,10,Marsaxlokk
215548016,365,,,2606:54c0:4ec0::27c:20,,21/04/2023 15:21,iPhone,1,1,3,1,Qrendi
215548017,366,,,185.5.48.47,,21/04/2023 15:22,iPhone,4,10,10,10,Marsaxlokk
215548099,367,,,185.5.48.172,,21/04/2023 15:20,Samsung,2,1,2,2,Marsaxlokk
215548104,368,,,92.251.20.173,,21/04/2023 15:22,iPhone,6,8,3,8,Zurrieq
215548153,369,,,46.11.34.191,,21/04/2023 15:23,Xiaomi,9,10,10,10,Kirkop
215548166,370,,,185.5.48.161,,21/04/2023 15:22,iPhone,8,8,8,9,Attard
215548242,371,,,88.203.62.61,,21/04/2023 15:20,iPhone,4,4,4,7,Marsaxlokk
215548246,372,,,185.5.48.42,,21/04/2023 15:23,Huawei,6,1,5,1,Marsaxlokk
215548253,373,,,195.158.98.208,,21/04/2023 15:24,Xiaomi,3,3,3,6,Birzebbuga
215548296,374,,,77.71.203.31,,21/04/2023 15:24,Other,10,10,6,10,Tarxien
215548333,375,,,185.5.48.31,,21/04/2023 15:24,OnePlus,7,9,8,9,Ghaxaq
215548391,376,,,92.251.24.112,,21/04/2023 15:25,Samsung,10,10,10,10,Tarxien
215548426,377,,,92.251.63.135,,21/04/2023 15:25,Samsung,8,9,7,8,Marsaxlokk
215548475,378,,,77.25.144.246,,21/04/2023 15:27,Samsung,10,10,10,10,Bugibba
215548506,379,,,69.6.39.175,,21/04/2023 15:19,Samsung,9,10,10,10,Qrendi
215548517,380,,,46.11.77.115,,21/04/2023 15:25,Xiaomi,2,2,2,2,Ghaxaq
215548536,381,,,185.5.48.151,,21/04/2023 15:26,Xiaomi,2,3,1,5,Birzebbuga
215548550,382,,,185.5.48.139,,21/04/2023 15:21,Samsung,10,10,9,9,Luqa
215548611,383,,,141.8.41.232,,21/04/2023 15:23,iPhone,7,9,5,8,Kirkop
215548643,384,,,185.5.48.163,,21/04/2023 15:26,OnePlus,3,3,2,5,Kirkop
215548703,385,,,185.5.48.23,,21/04/2023 15:23,Samsung,5,5,5,8,Gudja
215549022,386,,,185.5.48.132,,21/04/2023 15:31,Samsung,7,9,7,9,Tarxien
215549048,387,,,88.203.29.3,,21/04/2023 15:33,iPhone,6,4,5,7,Hamrun
215549145,388,,,185.5.48.46,,21/04/2023 15:34,Xiaomi,8,8,8,8,Kirkop
215549267,389,,,185.5.48.172,,21/04/2023 15:36,Xiaomi,1,5,2,10,Ta' Xbiex
215549988,390,,,185.5.48.130,,21/04/2023 15:23,OnePlus,7,10,5,10,Marsalforn
215550010,391,,,94.17.184.91,,21/04/2023 15:44,iPhone,4,8,6,9,Tarxien
215550249,392,,,46.11.80.125,,21/04/2023 15:47,Samsung,3,10,3,10,Kalkara
215550413,393,,,94.17.25.64,,21/04/2023 15:35,Xiaomi,4,9,4,9,Hal Far
215550893,394,,,195.158.76.221,,21/04/2023 15:53,iPhone,6,7,2,5,Qrendi
215551139,395,,,46.11.83.164,,21/04/2023 15:57,iPhone,5,6,5,7,Kirkop
215551345,396,,,109.200.60.182,,21/04/2023 15:59,Samsung,10,10,10,10,Bugibba
215551524,397,,,92.251.125.90,,21/04/2023 15:55,Samsung,2,2,6,7,Kirkop
215552906,398,,,185.5.48.154,,21/04/2023 16:16,Xiaomi,8,9,7,10,Qawra
215553851,399,,,195.158.111.38,,21/04/2023 16:24,iPhone,8,10,8,10,Tarxien
215554075,400,,,185.5.48.146,,21/04/2023 16:31,Xiaomi,10,10,10,10,Zurrieq
215554685,401,,,46.11.146.222,,21/04/2023 16:31,Samsung,5,9,8,10,Zabbar
215555945,402,,,185.5.48.181,,21/04/2023 16:53,Huawei,10,10,10,10,Qrendi
215557386,403,,,185.5.48.22,,21/04/2023 17:08,Other,9,10,8,10,Birzebbuga
215559323,404,,,46.11.87.167,,21/04/2023 17:53,Xiaomi,9,9,9,5,Birkirkara
215559552,405,,,46.11.29.48,,21/04/2023 17:57,iPhone,10,10,10,10,Haz Zebbug (Ghawdex)
215559862,406,,,141.8.34.126,,21/04/2023 18:02,iPhone,7,8,7,10,Zurrieq
215560111,407,,,185.5.48.135,,21/04/2023 18:07,Samsung,10,10,10,10,Hal Far
215560759,408,,,141.8.0.142,,21/04/2023 18:20,Samsung,1,5,5,5,Kirkop
215562788,409,,,141.8.88.107,,21/04/2023 19:04,Samsung,6,5,9,10,Marsa
215567762,410,,,85.232.216.107,,21/04/2023 21:24,Huawei,10,10,10,10,Tarxien
215569620,411,,,185.5.48.163,,21/04/2023 22:48,Other,3,8,1,9,Zejtun
215570683,412,,,88.203.38.81,,22/04/2023 00:07,Samsung,2,2,1,3,Santa Lucija
215572389,413,,,185.5.48.158,,22/04/2023 06:05,Samsung,6,8,5,10,Marsaskala
215574142,414,,,141.8.24.68,,22/04/2023 08:23,iPhone,9,9,9,9,Marsaxlokk
215574393,415,,,185.5.48.21,,22/04/2023 08:34,iPhone,1,3,1,7,Fgura
215574427,416,,,185.5.48.5,,22/04/2023 08:34,Xiaomi,8,7,9,9,Safi
215574431,417,,,46.11.102.3,,22/04/2023 08:34,iPhone,4,3,10,8,Zurrieq
215574449,418,,,92.251.73.202,,22/04/2023 08:36,Samsung,8,10,10,10,Safi
215574506,419,,,188.172.90.37,,22/04/2023 08:39,iPhone,1,1,1,1,Zebbug (Ghawdex) (Malta)
215574509,420,,,185.5.48.52,,22/04/2023 08:40,iPhone,9,9,10,10,Zebbug (Ghawdex) (Malta)
215574516,421,,,92.251.87.9,,22/04/2023 08:39,iPhone,3,5,3,10,Zebbug (Ghawdex) (Malta)
215574528,422,,,185.5.48.52,,22/04/2023 08:40,iPhone,3,3,5,9,Zebbug (Ghawdex) (Malta)
215574540,423,,,185.5.48.157,,22/04/2023 08:39,Samsung,10,10,10,10,Zebbug (Ghawdex) (Malta)
215574547,424,,,46.11.113.28,,22/04/2023 08:41,Xiaomi,3,3,5,7,Zebbug (Ghawdex) (Malta)
215574555,425,,,46.11.241.138,,22/04/2023 08:40,iPhone,10,10,10,10,Tarxien
215574558,426,,,2606:54c0:4ee0::47:590,,22/04/2023 08:41,iPhone,8,8,9,7,Zebbug (Ghawdex) (Malta)
215574573,427,,,77.71.172.224,,22/04/2023 08:38,Other,6,6,5,10,Zebbug (Ghawdex) (Malta)
215574577,428,,,185.5.48.52,,22/04/2023 08:42,OnePlus,5,4,8,9,Mdina
215574579,429,,,185.5.48.172,,22/04/2023 08:42,iPhone,8,8,9,5,Mqabba
215574584,430,,,141.8.75.7,,22/04/2023 08:43,Samsung,2,1,3,5,Zebbug (Ghawdex) (Malta)
215574592,431,,,212.65.104.5,,22/04/2023 08:37,Samsung,3,2,4,3,Zebbug (Ghawdex) (Malta)
215574594,432,,,185.5.48.132,,22/04/2023 08:42,iPhone,4,7,3,7,Hamrun
215574595,433,,,94.17.25.104,,22/04/2023 08:43,iPhone,9,9,9,10,Mqabba
215574607,434,,,141.8.33.199,,22/04/2023 08:43,iPhone,6,5,5,8,Mqabba
215574611,435,,,185.5.48.17,,22/04/2023 08:42,OnePlus,3,3,7,5,Mqabba
215574615,436,,,46.11.7.50,,22/04/2023 08:43,Samsung,5,8,3,7,Kirkop
215574632,437,,,141.8.125.61,,22/04/2023 08:44,Other,8,8,6,8,Zebbug (Ghawdex) (Malta)
215574641,438,,,185.5.48.15,,22/04/2023 08:45,Xiaomi,9,9,9,9,Mqabba
215574642,439,,,185.5.48.156,,22/04/2023 08:45,Samsung,1,2,1,1,Attard
215574645,440,,,185.5.48.147,,22/04/2023 08:42,Other,6,8,6,7,Gudja
215574672,441,,,185.5.48.132,,22/04/2023 08:45,OnePlus,6,8,6,7,Siggiewi
215574691,442,,,185.5.48.52,,22/04/2023 08:46,Samsung,5,8,1,10,Zebbug (Ghawdex) (Malta)
215574710,443,,,185.5.48.148,,22/04/2023 08:42,iPhone,10,10,10,10,Zebbug (Ghawdex) (Malta)
215574712,444,,,185.5.48.19,,22/04/2023 08:45,Samsung,6,10,6,10,Mqabba
215574723,445,,,185.5.48.155,,22/04/2023 08:46,Samsung,7,10,7,10,Zurrieq
215574729,446,,,185.5.48.145,,22/04/2023 08:46,Xiaomi,1,1,1,10,Qrendi
215574732,447,,,185.5.48.24,,22/04/2023 08:46,iPhone,9,10,2,10,Mqabba
215574771,448,,,185.5.48.23,,22/04/2023 08:48,iPhone,3,4,4,5,Zebbug (Ghawdex) (Malta)
215574775,449,,,141.8.127.157,,22/04/2023 08:50,Xiaomi,5,5,5,7,Zebbug (Ghawdex) (Malta)
215574804,450,,,46.11.82.15,,22/04/2023 08:48,Huawei,10,10,9,10,Mqabba
215574817,451,,,94.17.27.232,,22/04/2023 08:51,Other,8,9,9,10,Mqabba
215574835,452,,,185.5.48.10,,22/04/2023 08:52,Xiaomi,5,7,5,7,Luqa
215574859,453,,,185.5.48.173,,22/04/2023 08:53,Samsung,10,10,10,10,Siggiewi
215574872,454,,,46.11.51.179,,22/04/2023 08:54,iPhone,9,9,9,9,Mqabba
215574908,455,,,185.5.48.16,,22/04/2023 08:55,Samsung,8,8,8,8,Valletta
215574925,456,,,46.11.8.187,,22/04/2023 08:54,Samsung,10,10,10,10,Bulebel
215574931,457,,,185.5.48.4,,22/04/2023 08:54,iPhone,4,8,8,8,Zebbug (Ghawdex) (Malta)
215574937,458,,,77.25.152.204,,22/04/2023 08:55,iPhone,2,3,3,8,Sliema
215574956,459,,,78.133.75.24,,22/04/2023 08:57,iPhone,4,8,4,8,Zebbug (Ghawdex) (Malta)
215574957,460,,,92.251.60.43,,22/04/2023 08:45,Samsung,7,9,7,9,Zebbug (Ghawdex) (Malta)
215574997,461,,,78.133.123.130,,22/04/2023 08:57,Xiaomi,1,1,5,5,Zebbug (Ghawdex) (Malta)
215575037,462,,,77.71.251.43,,22/04/2023 08:59,iPhone,10,10,10,10,Qrendi
215575123,463,,,77.71.169.85,,22/04/2023 09:02,Xiaomi,5,8,9,9,Gudja
215575266,464,,,185.5.48.16,,22/04/2023 09:07,Samsung,8,10,7,10,Siggiewi
215575385,465,,,185.5.48.3,,22/04/2023 09:14,Samsung,8,7,7,8,Zebbug (Ghawdex) (Malta)
215575618,466,,,2a09:bac2:48d1:2c8::47:32f,,22/04/2023 09:24,iPhone,10,10,10,10,Safi
215575619,467,,,141.8.76.255,,22/04/2023 09:22,Samsung,4,10,6,1,Zebbug (Ghawdex) (Malta)
215575937,468,,,185.5.48.169,,22/04/2023 09:36,iPhone,1,1,6,6,Santa Lucija
215575947,469,,,185.5.48.140,,22/04/2023 09:37,Xiaomi,10,10,10,10,Naxxar
215576003,470,,,46.11.89.40,,22/04/2023 09:37,iPhone,8,8,7,9,Luqa
215576022,471,,,185.5.48.13,,22/04/2023 09:38,iPhone,4,5,6,5,Luqa
215576063,472,,,185.5.48.150,,22/04/2023 09:39,iPhone,3,4,3,5,Safi
215576075,473,,,46.11.3.147,,22/04/2023 09:39,Samsung,9,9,8,9,Luqa
215576080,474,,,185.5.48.143,,22/04/2023 09:41,Samsung,10,6,7,5,Qormi
215576088,475,,,185.5.48.174,,22/04/2023 09:39,iPhone,6,9,6,7,Luqa
215576102,476,,,185.5.48.137,,22/04/2023 09:41,Samsung,10,10,10,10,Marsa
215576108,477,,,185.5.48.137,,22/04/2023 09:42,iPhone,1,1,3,5,Santa Lucija
215576130,478,,,77.243.70.177,,22/04/2023 09:41,Other,9,10,8,10,Birzebbuga
215576147,479,,,185.5.48.159,,22/04/2023 09:42,Samsung,5,8,8,8,Zurrieq
215576149,480,,,94.17.113.225,,22/04/2023 09:43,Samsung,6,9,5,9,Marsa
215576152,481,,,185.5.48.36,,22/04/2023 09:37,iPhone,6,5,5,5,Gudja
215576153,482,,,92.251.7.142,,22/04/2023 09:43,Samsung,8,8,8,10,Qormi
215576156,483,,,37.75.42.98,,22/04/2023 09:43,iPhone,1,3,1,1,Luqa
215576177,484,,,94.17.45.220,,22/04/2023 09:43,Other,5,9,4,7,Marsa
215576180,485,,,185.5.48.44,,22/04/2023 09:44,Samsung,5,5,5,10,Luqa
215576209,486,,,193.160.118.41,,22/04/2023 09:46,iPhone,9,8,7,9,Marsaskala
215576219,487,,,46.11.100.237,,22/04/2023 09:44,iPhone,5,5,4,10,PIETA'
215576221,488,,,185.5.48.23,,22/04/2023 09:44,Samsung,5,10,5,4,Zebbug (Ghawdex) (Malta)
215576243,489,,,2a04:4e41:66:62::755e:f428,,22/04/2023 09:45,iPhone,1,8,1,7,Gzira
215576248,490,,,2a09:bac2:48d2:126e::1d6:55,,22/04/2023 09:44,iPhone,5,3,4,8,Bahar ic-Caghaq
215576250,491,,,92.251.6.64,,22/04/2023 09:45,Samsung,5,5,5,10,Zabbar
215576256,492,,,185.5.48.24,,22/04/2023 09:44,iPhone,7,1,7,1,Marsa
215576262,493,,,85.232.212.18,,22/04/2023 09:47,Samsung,1,1,2,2,Luqa
215576273,494,,,185.5.48.5,,22/04/2023 09:47,iPhone,10,10,10,9,Hamrun
215576296,495,,,46.11.65.241,,22/04/2023 09:44,iPhone,4,7,1,5,San Gwann
215576304,496,,,185.5.48.159,,22/04/2023 09:44,OnePlus,1,1,5,10,Hamrun
215576359,497,,,185.5.48.152,,22/04/2023 09:49,OnePlus,5,4,7,7,Dingli
215576361,498,,,80.254.94.63,,22/04/2023 09:48,Samsung,10,10,10,10,Floriana
215576370,499,,,88.203.40.231,,22/04/2023 09:50,iPhone,7,10,7,10,Marsa
215576394,500,,,185.5.48.173,,22/04/2023 09:50,OnePlus,8,10,9,10,Dingli
215576423,501,,,185.5.48.145,,22/04/2023 09:51,Xiaomi,3,7,4,4,Birkirkara
215576450,502,,,78.133.35.7,,22/04/2023 09:50,Samsung,7,8,8,8,Bugibba
215576466,503,,,69.6.51.20,,22/04/2023 09:51,iPhone,1,1,1,1,Qawra
215576489,504,,,92.251.19.183,,22/04/2023 09:51,Samsung,2,8,1,8,Marsa
215576494,505,,,77.25.195.215,,22/04/2023 09:52,OnePlus,6,6,9,9,Gzira
215576501,506,,,188.172.92.240,,22/04/2023 09:53,iPhone,10,10,10,10,Qormi
215576532,507,,,194.204.107.142,,22/04/2023 09:51,Xiaomi,1,1,4,5,Dingli
215576539,508,,,185.5.48.138,,22/04/2023 09:55,iPhone,1,6,4,10,Valletta
215576540,509,,,88.203.124.247,,22/04/2023 09:52,Samsung,2,4,3,4,Dingli
215576555,510,,,185.5.48.35,,22/04/2023 09:53,Xiaomi,3,10,3,10,Marsa
215576576,511,,,185.5.48.36,,22/04/2023 09:52,OnePlus,8,8,8,9,Birkirkara
215576588,512,,,185.5.48.44,,22/04/2023 09:54,Samsung,1,4,1,5,San Pawl il-Bahar
215576594,513,,,2606:54c0:4ee0::27d:3,,22/04/2023 09:56,iPhone,2,3,3,9,Siggiewi
215576602,514,,,77.71.151.151,,22/04/2023 09:56,iPhone,9,8,9,10,Munxar
215576610,515,,,195.158.75.74,,22/04/2023 09:57,iPhone,6,6,8,9,Rabat (Ghawdex)
215576686,516,,,185.5.48.170,,22/04/2023 09:58,Other,5,5,5,8,Qormi
215576701,517,,,77.71.202.56,,22/04/2023 09:58,Samsung,9,9,9,10,Kirkop
215576716,518,,,185.5.48.12,,22/04/2023 09:54,Xiaomi,5,5,3,10,Attard
215576723,519,,,185.5.48.18,,22/04/2023 09:59,Samsung,4,7,5,7,Rabat (Malta)
215576726,520,,,69.6.38.238,,22/04/2023 09:48,iPhone,9,10,6,10,Marsa
215576759,521,,,46.11.12.166,,22/04/2023 10:01,Samsung,8,8,8,8,Floriana
215576855,522,,,185.5.48.154,,22/04/2023 10:04,Huawei,4,7,4,7,Rabat (Malta)
215576890,523,,,141.8.72.213,,22/04/2023 10:04,iPhone,1,5,5,5,Birzebbuga
215576921,524,,,46.11.216.23,,22/04/2023 10:05,Xiaomi,7,9,5,9,Safi
215576988,525,,,185.5.48.6,,22/04/2023 10:07,Other,7,8,8,2,Ghaxaq
215577022,526,,,46.11.109.155,,22/04/2023 10:09,Huawei,1,4,10,10,Dingli
215577023,527,,,77.71.142.112,,22/04/2023 10:09,Samsung,8,8,8,10,Rabat (Ghawdex)
215577044,528,,,2a09:bac2:48d4:126e::1d6:6a,,22/04/2023 10:07,iPhone,10,8,7,10,"Paola,Malta"
215577081,529,,,77.25.131.12,,22/04/2023 10:10,Huawei,5,10,5,10,Mtarfa
215577100,530,,,46.11.106.37,,22/04/2023 10:11,Xiaomi,2,3,4,1,Birkirkara
215577108,531,,,185.5.48.148,,22/04/2023 10:11,Samsung,3,8,3,8,Luqa
215577113,532,,,195.158.77.12,,22/04/2023 10:13,iPhone,6,7,8,8,Rabat (Ghawdex)
215577142,533,,,185.5.48.18,,22/04/2023 10:12,OnePlus,2,2,4,5,Dingli
215577158,534,,,185.5.48.23,,22/04/2023 09:46,iPhone,1,1,4,4,Marsa
215577182,535,,,185.5.48.39,,22/04/2023 10:10,OnePlus,9,8,9,10,Dingli
215577282,536,,,185.5.48.142,,22/04/2023 10:16,iPhone,6,6,7,10,Marsa
215577316,537,,,195.158.96.206,,22/04/2023 10:18,iPhone,1,2,1,5,Gudja
215577326,538,,,141.8.0.247,,22/04/2023 10:17,iPhone,2,2,1,3,Santa Lucija
215577351,539,,,185.5.48.34,,22/04/2023 10:20,iPhone,8,8,8,8,Dingli
215577570,540,,,92.251.93.165,,22/04/2023 10:26,Samsung,8,10,8,10,Msida
215577579,541,,,77.71.181.182,,22/04/2023 10:08,Samsung,9,8,8,8,Zebbug (Ghawdex) (Malta)
215577710,542,,,185.5.48.20,,22/04/2023 10:29,iPhone,7,9,10,10,Zebbug (Ghawdex) (Malta)
215577721,543,,,185.5.48.28,,22/04/2023 10:28,Samsung,8,8,8,10,Valletta
215577731,544,,,185.5.48.31,,22/04/2023 10:24,iPhone,1,10,4,10,Haz Zebbug (Ghawdex)
215577745,545,,,185.5.48.171,,22/04/2023 10:30,Xiaomi,9,10,10,10,Valletta
215577756,546,,,46.11.134.215,,22/04/2023 10:28,Other,10,10,10,10,Floriana
215577776,547,,,92.251.61.28,,22/04/2023 10:33,iPhone,10,10,10,10,Gudja
215577892,548,,,185.5.48.36,,22/04/2023 10:36,Xiaomi,2,2,4,2,Luqa
215577907,549,,,37.75.56.131,,22/04/2023 10:37,Xiaomi,2,5,5,4,Zebbug (Ghawdex) (Malta)
215578026,550,,,185.5.48.6,,22/04/2023 10:41,Samsung,8,8,8,8,Tarxien
215578088,551,,,185.5.48.175,,22/04/2023 10:44,Samsung,1,5,1,5,PIETA'
215578101,552,,,84.255.48.172,,22/04/2023 10:43,Samsung,8,8,8,8,Valletta
215578105,553,,,84.255.40.200,,22/04/2023 10:44,Samsung,10,10,10,10,Msida
215578119,554,,,185.5.48.131,,22/04/2023 10:43,Samsung,10,10,10,10,Floriana
215578168,555,,,46.11.109.46,,22/04/2023 10:44,Samsung,10,10,10,10,Blata-l-Bajda
215578171,556,,,92.251.52.121,,22/04/2023 10:45,iPhone,1,1,1,1,Pieta
215578181,557,,,185.5.48.38,,22/04/2023 10:45,iPhone,1,1,5,5,Hamrun
215578214,558,,,94.17.96.51,,22/04/2023 10:44,Samsung,2,6,5,8,Zebbug (Ghawdex) (Malta)
215578241,559,,,141.8.35.47,,22/04/2023 10:44,Xiaomi,1,5,1,5,Luqa
215578245,560,,,185.5.48.24,,22/04/2023 10:45,Samsung,8,8,8,9,Hamrun
215578257,561,,,78.133.77.162,,22/04/2023 10:47,iPhone,3,9,4,10,Hamrun
215578263,562,,,185.5.48.142,,22/04/2023 10:47,iPhone,10,10,8,10,Hamrun
215578315,563,,,141.8.41.225,,22/04/2023 10:50,Samsung,6,9,6,10,Marsa
215578328,564,,,84.255.45.54,,22/04/2023 10:49,iPhone,1,10,1,10,Valletta
215578338,565,,,185.5.48.36,,22/04/2023 10:49,Samsung,6,8,6,9,Santa Venera
215578382,566,,,94.17.82.179,,22/04/2023 10:51,iPhone,2,10,2,10,Msida
215578436,567,,,46.11.179.207,,22/04/2023 10:53,Samsung,1,7,1,10,"Paola,Malta"
215578502,568,,,185.5.48.174,,22/04/2023 10:54,Samsung,10,10,10,10,Hamrun
215578517,569,,,77.25.132.133,,22/04/2023 10:50,Samsung,3,5,6,7,Hamrun
215578540,570,,,85.47.30.134,,22/04/2023 10:57,iPhone,9,2,9,10,Msida
215578718,571,,,185.5.48.134,,22/04/2023 11:01,Xiaomi,3,8,1,9,Blata-l-Bajda
215578730,572,,,37.75.40.98,,22/04/2023 11:01,Huawei,6,8,6,6,Msida
215578750,573,,,185.5.48.23,,22/04/2023 11:02,Samsung,3,9,3,9,Pieta
215578765,574,,,195.158.79.232,,22/04/2023 11:00,Xiaomi,5,9,5,10,Birzebbuga
215578834,575,,,185.5.48.23,,22/04/2023 11:06,Samsung,1,1,1,1,Zurrieq
215578858,576,,,185.5.48.153,,22/04/2023 11:08,Samsung,7,8,7,10,Mdina
215578893,577,,,185.5.48.7,,22/04/2023 11:07,iPhone,3,5,3,10,Pieta
215578916,578,,,77.25.147.133,,22/04/2023 11:07,Samsung,5,6,5,3,Zebbug (Ghawdex) (Malta)
215578947,579,,,141.8.102.198,,22/04/2023 11:10,Samsung,6,5,5,8,Luqa
215578957,580,,,77.71.250.213,,22/04/2023 11:08,Samsung,7,7,4,10,Birzebbuga
215578990,581,,,77.25.131.12,,22/04/2023 11:09,Other,10,10,10,10,Mtarfa
215578994,582,,,46.11.114.165,,22/04/2023 11:13,iPhone,7,10,8,10,Msida
215579006,583,,,2a02:a03f:a58d:c300:3ddd:4150:5ca8:939e,,22/04/2023 11:13,Samsung,4,4,3,7,Zurrieq
215579012,584,,,88.203.93.152,,22/04/2023 11:13,iPhone,7,8,6,9,Msida
215579037,585,,,185.5.48.14,,22/04/2023 11:13,Samsung,7,6,10,8,Bugibba
215579069,586,,,185.5.48.137,,22/04/2023 11:14,iPhone,3,4,2,6,Paceville
215579094,587,,,185.5.48.175,,22/04/2023 11:16,iPhone,8,10,8,10,Balzan
215579099,588,,,46.11.36.8,,22/04/2023 11:15,iPhone,8,8,9,9,Zurrieq
215579122,589,,,185.5.48.11,,22/04/2023 11:17,Xiaomi,9,9,9,10,Msida
215579132,590,,,77.25.130.115,,22/04/2023 11:16,Samsung,9,9,10,10,Msida
215579151,591,,,185.5.48.145,,22/04/2023 11:16,iPhone,7,7,7,9,Birkirkara
215579152,592,,,185.5.48.23,,22/04/2023 11:13,iPhone,9,10,9,10,Msida
215579155,593,,,185.5.48.13,,22/04/2023 11:18,iPhone,9,9,10,10,Hamrun
215579172,594,,,195.158.79.142,,22/04/2023 11:18,iPhone,7,7,3,10,Gzira
215579176,595,,,185.5.48.10,,22/04/2023 11:16,iPhone,1,1,1,10,Msida
215579183,596,,,141.8.108.64,,22/04/2023 11:17,iPhone,8,9,8,9,Kappara
215579192,597,,,185.5.48.142,,22/04/2023 11:18,Samsung,8,8,8,8,Msida
215579193,598,,,46.11.209.94,,22/04/2023 11:18,OnePlus,6,6,7,6,Floriana
215579194,599,,,185.5.48.132,,22/04/2023 11:20,iPhone,2,7,1,10,Pieta
215579208,600,,,185.5.48.13,,22/04/2023 11:16,iPhone,6,6,4,10,Lija
215579232,601,,,2a09:bac2:48d7:126e::1d6:d8,,22/04/2023 11:17,iPhone,6,8,8,9,Msida
215579290,602,,,185.5.48.161,,22/04/2023 11:21,Samsung,1,1,4,8,Qrendi
215579293,603,,,185.5.48.136,,22/04/2023 11:21,Samsung,10,10,10,10,Floriana
215579350,604,,,185.5.48.148,,22/04/2023 11:24,Xiaomi,10,10,10,10,Gzira
215579362,605,,,2a09:bac2:48d1:1e1::30:9b,,22/04/2023 11:20,iPhone,9,8,8,8,Hamrun
215579376,606,,,78.133.116.98,,22/04/2023 11:25,Samsung,4,9,8,9,Fgura
215579378,607,,,185.5.48.166,,22/04/2023 11:24,iPhone,7,7,7,7,Pieta
215579413,608,,,213.165.168.147,,22/04/2023 11:26,iPhone,2,1,2,2,Msida
215579420,609,,,185.5.48.170,,22/04/2023 11:27,iPhone,9,9,8,10,Msida
215579495,610,,,92.251.24.84,,22/04/2023 11:25,Samsung,6,7,10,10,Tarxien
215579540,611,,,185.5.48.151,,22/04/2023 11:27,iPhone,3,3,3,3,Qrendi
215579543,612,,,94.17.112.175,,22/04/2023 11:29,iPhone,9,10,9,9,Msida
215579640,613,,,188.172.77.224,,22/04/2023 11:34,iPhone,10,10,10,10,"Paola,Malta"
215579670,614,,,78.133.51.9,,22/04/2023 11:35,iPhone,8,6,8,8,Rabat (Ghawdex)
215579736,615,,,185.5.48.147,,22/04/2023 11:35,iPhone,10,10,10,10,Birkirkara
215579750,616,,,2a02:26f7:bc88:cb80:0:126c:33b7:e578,,22/04/2023 11:35,iPhone,8,10,10,10,Msida
215579829,617,,,46.11.228.100,,22/04/2023 11:35,Samsung,8,8,8,8,Mosta
215579836,618,,,185.5.48.145,,22/04/2023 11:39,iPhone,5,9,7,7,Mqabba
215579863,619,,,46.11.217.97,,22/04/2023 11:40,Samsung,10,10,10,10,San Gwann
215579887,620,,,46.11.195.75,,22/04/2023 11:39,Samsung,8,9,9,10,Gzira
215579955,621,,,46.11.129.204,,22/04/2023 11:42,iPhone,5,10,1,10,Msida
215579973,622,,,185.5.48.129,,22/04/2023 11:42,OnePlus,1,1,4,8,Zebbug (Ghawdex) (Malta)
215580009,623,,,185.5.48.165,,22/04/2023 11:43,iPhone,10,10,10,10,Msida
215580056,624,,,185.5.48.33,,22/04/2023 11:47,iPhone,9,4,7,8,Qormi
215580089,625,,,141.8.69.236,,22/04/2023 11:48,OnePlus,8,8,8,10,Luqa
215580102,626,,,185.5.48.145,,22/04/2023 11:47,Other,9,9,9,9,"Paola,Malta"
215580105,627,,,185.5.48.43,,22/04/2023 11:49,Xiaomi,1,1,1,1,Qormi
215580116,628,,,185.5.48.4,,22/04/2023 11:47,iPhone,1,5,5,8,Qormi
215580127,629,,,185.5.48.31,,22/04/2023 11:48,iPhone,8,9,8,10,Sliema
215580153,630,,,94.17.201.145,,22/04/2023 11:50,Xiaomi,10,8,8,8,Swieqi
215580183,631,,,37.75.48.78,,22/04/2023 11:51,iPhone,1,2,2,1,Qormi
215580187,632,,,185.5.48.160,,22/04/2023 11:50,iPhone,2,8,2,8,Qormi
215580192,633,,,185.5.48.168,,22/04/2023 11:50,iPhone,1,8,5,10,Marsa
215580204,634,,,185.5.48.21,,22/04/2023 11:49,Other,1,3,5,5,Xemxija
215580229,635,,,46.11.29.98,,22/04/2023 11:51,iPhone,9,9,9,9,Qormi
215580234,636,,,185.5.48.36,,22/04/2023 11:51,Samsung,3,3,6,6,Kalkara
215580235,637,,,185.5.48.158,,22/04/2023 11:53,Samsung,5,5,5,7,Qormi
215580236,638,,,185.5.48.19,,22/04/2023 11:52,iPhone,6,7,2,9,Qormi
215580242,639,,,195.158.76.51,,22/04/2023 11:50,iPhone,7,7,7,9,Ta' Xbiex
215580266,640,,,94.17.45.163,,22/04/2023 11:52,Samsung,7,9,6,9,Qormi
215580341,641,,,185.5.48.166,,22/04/2023 11:50,Xiaomi,1,2,1,5,Qormi
215580359,642,,,46.11.242.252,,22/04/2023 11:56,OnePlus,5,5,7,9,Luqa
215580363,643,,,141.8.36.250,,22/04/2023 11:55,Xiaomi,7,5,9,9,Qormi
215580375,644,,,185.5.48.28,,22/04/2023 11:58,Xiaomi,1,3,1,7,Qormi
215580397,645,,,185.5.48.30,,22/04/2023 11:59,iPhone,1,5,1,6,San Pawl il-Bahar
215580425,646,,,94.17.47.4,,22/04/2023 11:58,Xiaomi,10,10,10,10,Qormi
215580486,647,,,185.5.48.12,,22/04/2023 11:56,Samsung,7,8,5,10,Floriana
215580489,648,,,185.5.48.158,,22/04/2023 11:49,iPhone,1,1,1,5,Marsa
215580544,649,,,185.5.48.36,,22/04/2023 11:52,Samsung,3,3,8,10,Rabat (Ghawdex)
215580562,650,,,77.71.250.189,,22/04/2023 12:02,OnePlus,3,2,5,10,Zurrieq
215580641,651,,,185.5.48.21,,22/04/2023 12:08,Xiaomi,9,10,10,10,Qormi
215580767,652,,,185.5.48.175,,22/04/2023 12:08,Samsung,4,9,2,9,Qormi
215580778,653,,,195.158.84.135,,22/04/2023 12:11,Samsung,9,10,10,10,Qormi
215580791,654,,,185.5.48.173,,22/04/2023 12:11,OnePlus,10,5,10,1,Qormi
215580847,655,,,46.11.175.15,,22/04/2023 12:13,Other,2,2,1,2,Marsa
215580857,656,,,88.203.7.46,,22/04/2023 12:12,Xiaomi,10,6,10,10,Birkirkara
215580876,657,,,185.5.48.152,,22/04/2023 11:36,Other,9,5,8,9,Msida
215580938,658,,,185.5.48.159,,22/04/2023 12:14,Samsung,10,10,10,10,Msida
215580967,659,,,185.5.48.141,,22/04/2023 12:14,Other,3,3,1,5,Qormi
215580994,660,,,46.11.82.98,,22/04/2023 12:17,Huawei,8,8,7,9,Qormi
215580998,661,,,46.11.121.75,,22/04/2023 12:18,Samsung,10,10,10,10,Valletta
215581007,662,,,185.5.48.4,,22/04/2023 12:17,Other,8,8,8,8,Hamrun
215581013,663,,,92.251.7.191,,22/04/2023 12:16,iPhone,2,1,5,1,Qormi
215581041,664,,,188.172.73.97,,22/04/2023 12:14,iPhone,5,5,5,10,Qormi
215581043,665,,,78.133.42.107,,22/04/2023 12:18,Samsung,3,3,2,3,Rabat (Ghawdex)
215581048,666,,,185.5.48.167,,22/04/2023 12:20,Samsung,6,6,6,7,Qormi
215581108,667,,,2a09:bac2:48d7:1e1::30:45,,22/04/2023 12:20,iPhone,4,8,4,9,Rabat (Malta)
215581144,668,,,78.133.74.65,,22/04/2023 12:23,Xiaomi,5,2,5,4,Qormi
215581145,669,,,185.5.48.37,,22/04/2023 12:23,iPhone,6,6,6,9,Qormi
215581149,670,,,94.17.114.185,,22/04/2023 12:23,Samsung,2,3,3,4,Luqa
215581370,671,,,185.5.48.42,,22/04/2023 12:23,Samsung,7,9,7,2,Qormi
215581395,672,,,185.5.48.171,,22/04/2023 12:31,iPhone,7,7,7,7,Valletta
215581510,673,,,46.11.7.50,,22/04/2023 12:33,Samsung,5,5,1,5,Kirkop
215581511,674,,,94.17.81.168,,22/04/2023 12:35,iPhone,4,4,6,8,Dingli
215581548,675,,,78.133.24.165,,22/04/2023 12:35,Samsung,10,7,3,10,Sannat
215581576,676,,,46.11.220.221,,22/04/2023 12:37,Samsung,8,9,9,9,Kappara
215581621,677,,,185.5.48.22,,22/04/2023 12:39,Samsung,5,8,5,8,Qormi
215581831,678,,,185.5.48.8,,22/04/2023 12:47,iPhone,9,5,10,2,Msida
215582021,679,,,80.254.85.254,,22/04/2023 12:51,Samsung,1,2,4,5,Zebbug (Ghawdex) (Malta)
215582150,680,,,195.158.80.74,,22/04/2023 12:59,OnePlus,10,10,10,10,Valletta
215582285,681,,,46.11.160.15,,22/04/2023 12:55,iPhone,8,8,9,9,Qormi
215582341,682,,,185.5.48.19,,22/04/2023 13:05,Xiaomi,9,10,9,10,Marsaskala
215582485,683,,,78.133.57.209,,22/04/2023 13:11,Samsung,7,7,7,9,Qormi
215582524,684,,,77.71.138.61,,22/04/2023 13:10,Other,8,8,9,10,Sliema
215582581,685,,,94.17.200.47,,22/04/2023 13:13,iPhone,10,10,10,10,Msida
215582727,686,,,185.5.48.175,,22/04/2023 13:19,iPhone,9,9,9,9,Gudja
215582938,687,,,185.5.48.150,,22/04/2023 13:25,OnePlus,7,7,10,10,Birkirkara
215583203,688,,,185.5.48.25,,22/04/2023 13:33,iPhone,8,10,3,10,Msida
215583270,689,,,185.5.48.158,,22/04/2023 13:36,OnePlus,10,10,10,4,Fgura
215583429,690,,,185.5.48.5,,22/04/2023 13:41,iPhone,8,9,8,10,Msida
215583578,691,,,185.5.48.144,,22/04/2023 13:45,iPhone,9,6,9,1,Birkirkara
215583690,692,,,185.5.48.33,,22/04/2023 13:50,Huawei,10,10,9,10,Qormi
215583702,693,,,92.251.14.188,,22/04/2023 13:51,iPhone,7,7,7,8,Zebbug (Ghawdex) (Ghawdex)
215583738,694,,,185.5.48.11,,22/04/2023 13:51,Xiaomi,8,9,9,9,Msida
215583751,695,,,92.251.7.190,,22/04/2023 13:43,Samsung,5,5,5,5,Qormi
215583854,696,,,46.11.120.53,,22/04/2023 13:54,Samsung,8,8,8,8,Qormi
215584063,697,,,185.5.48.33,,22/04/2023 14:02,Samsung,8,10,7,10,Msida
215584089,698,,,46.11.155.96,,22/04/2023 14:04,iPhone,10,10,10,10,Msida
215584256,699,,,185.5.48.19,,22/04/2023 13:51,iPhone,1,1,1,1,Dingli
215584365,700,,,185.5.48.1,,22/04/2023 14:12,Xiaomi,7,10,6,8,Luqa
215584428,701,,,80.254.83.39,,22/04/2023 14:13,OnePlus,3,3,3,8,Pembroke
215584465,702,,,88.203.110.215,,22/04/2023 14:17,iPhone,5,5,7,7,Rabat (Malta)
215584583,703,,,46.11.182.80,,22/04/2023 14:20,Xiaomi,1,3,2,5,Zabbar
215585258,704,,,185.5.48.35,,22/04/2023 14:43,Other,10,9,10,10,Qormi
215585355,705,,,88.203.126.136,,22/04/2023 14:49,Samsung,8,10,10,10,Pieta
215585419,706,,,78.133.45.88,,22/04/2023 14:51,Samsung,9,9,8,10,Qormi
215585476,707,,,185.5.48.9,,22/04/2023 14:52,iPhone,3,3,5,6,Marsa
215585596,708,,,92.251.21.97,,22/04/2023 14:54,Samsung,4,1,3,8,Mqabba
215585790,709,,,185.5.48.53,,22/04/2023 15:05,iPhone,7,9,8,10,Bugibba
215585839,710,,,141.8.24.49,,22/04/2023 15:01,iPhone,3,8,6,8,Marsaxlokk
215585978,711,,,78.133.58.176,,22/04/2023 15:11,Other,10,10,10,10,Floriana
215585988,712,,,185.5.48.25,,22/04/2023 15:12,Xiaomi,6,10,5,10,Valletta
215586169,713,,,185.5.48.6,,22/04/2023 15:19,iPhone,7,8,6,10,Msida
215586202,714,,,92.251.64.6,,22/04/2023 15:20,Samsung,5,6,5,6,Hamrun
215586370,715,,,185.5.48.140,,22/04/2023 15:22,iPhone,2,4,2,6,Luqa
215586431,716,,,46.11.122.92,,22/04/2023 15:25,Xiaomi,9,10,9,9,Zebbug (Ghawdex) (Malta)
215586683,717,,,185.5.48.181,,22/04/2023 15:29,Xiaomi,9,9,9,9,Msida
215587001,718,,,84.255.53.150,,22/04/2023 15:44,iPhone,9,10,10,8,Rabat (Malta)
215587022,719,,,185.5.48.181,,22/04/2023 15:45,Xiaomi,8,7,8,7,Qormi
215587054,720,,,88.203.87.10,,22/04/2023 15:45,iPhone,9,9,9,9,Tarxien
215587477,721,,,94.17.116.130,,22/04/2023 15:59,iPhone,4,3,7,5,Qormi
215587590,722,,,46.11.180.59,,22/04/2023 16:00,iPhone,3,7,10,10,Luqa
215587787,723,,,185.5.48.14,,22/04/2023 16:08,Xiaomi,4,7,4,7,Fgura
215587798,724,,,94.17.229.95,,22/04/2023 16:08,Other,7,7,8,10,Zebbug (Ghawdex) (Malta)
215587955,725,,,185.5.48.130,,22/04/2023 16:11,Huawei,1,2,1,2,Fgura
215588005,726,,,185.5.48.26,,22/04/2023 16:15,Xiaomi,5,5,5,5,Msida
215588213,727,,,185.5.48.129,,22/04/2023 16:20,Xiaomi,1,2,1,3,Zabbar
215588314,728,,,92.251.107.217,,22/04/2023 16:23,iPhone,8,7,8,8,Floriana
215588894,729,,,77.25.131.206,,22/04/2023 16:46,iPhone,6,7,7,9,Swatar
215588994,730,,,88.203.58.152,,22/04/2023 16:49,Samsung,10,10,10,10,Floriana
215589460,731,,,185.5.48.27,,22/04/2023 17:06,Samsung,10,10,10,10,Santa Lucija
215590073,732,,,185.5.48.29,,22/04/2023 17:30,Samsung,8,9,9,10,Zebbug (Ghawdex) (Malta)
215591087,733,,,77.71.176.143,,22/04/2023 18:04,iPhone,4,5,6,7,Qrendi
215591458,734,,,185.5.48.161,,22/04/2023 18:20,iPhone,2,5,2,10,Luqa
215591495,735,,,185.5.48.28,,22/04/2023 18:23,iPhone,10,10,10,10,Mdina
215591686,736,,,185.5.48.53,,22/04/2023 18:28,Samsung,8,8,9,8,Hamrun
215591832,737,,,37.75.33.169,,22/04/2023 18:35,iPhone,3,3,3,3,Luqa
215591907,738,,,88.203.41.28,,22/04/2023 18:42,Samsung,1,1,1,1,Qormi
215591916,739,,,185.5.48.146,,22/04/2023 18:41,Samsung,9,10,10,10,Rabat (Malta)
215591941,740,,,185.5.48.150,,22/04/2023 18:43,Samsung,1,1,1,1,Qormi
215592513,741,,,88.203.119.204,,22/04/2023 19:07,iPhone,1,1,10,10,Valletta
215593010,742,,,46.11.147.71,,22/04/2023 19:30,iPhone,1,1,5,7,Zurrieq
215593415,743,,,77.25.154.2,,22/04/2023 19:50,Samsung,5,6,5,8,Msida
215593446,744,,,185.5.48.142,,22/04/2023 19:50,iPhone,9,10,10,10,Birkirkara
215593619,745,,,46.11.182.80,,22/04/2023 19:59,Huawei,1,4,1,6,Zabbar
215593630,746,,,185.188.61.41,,22/04/2023 20:00,Samsung,3,8,5,8,Hal Far
215594230,747,,,185.5.48.29,,22/04/2023 20:28,iPhone,10,9,10,10,Haz Zebbug (Ghawdex)
215594241,748,,,85.232.214.43,,22/04/2023 20:29,iPhone,4,2,4,9,Luqa
215594911,749,,,141.8.4.144,,22/04/2023 21:00,Samsung,1,3,9,5,Kirkop
215595419,750,,,185.5.48.5,,22/04/2023 21:32,Samsung,3,9,4,9,"Paola,Malta"
215595915,751,,,46.237.220.58,,22/04/2023 22:03,Samsung,7,8,6,8,Mtarfa
215596773,752,,,46.11.108.155,,22/04/2023 23:06,Xiaomi,5,4,4,1,Qormi
215597167,753,,,46.11.194.156,,22/04/2023 23:40,Samsung,10,8,9,9,Gzira
215598655,754,,,185.5.48.17,,23/04/2023 04:02,iPhone,1,5,1,5,Hamrun
215599186,755,,,46.11.183.116,,23/04/2023 05:30,Xiaomi,2,1,4,8,Birzebbuga
215599918,756,,,77.25.137.162,,23/04/2023 07:16,iPhone,4,3,4,6,Luqa
215599957,757,,,77.25.194.23,,23/04/2023 07:19,iPhone,7,6,9,7,Mosta
215601439,758,,,185.5.48.134,,23/04/2023 08:59,iPhone,8,9,9,9,Birkirkara
215601611,759,,,212.65.116.24,,23/04/2023 09:03,Samsung,3,2,8,10,Kirkop
215601691,760,,,2606:54c0:4ee0::1d6:dd,,23/04/2023 09:12,iPhone,3,9,5,1,Zebbug (Ghawdex) (Malta)
215602654,761,,,92.251.109.206,,23/04/2023 09:48,Samsung,10,10,10,10,Balzan
215603336,762,,,141.8.6.233,,23/04/2023 10:11,iPhone,2,7,4,6,Kirkop
215605577,763,,,185.5.48.44,,23/04/2023 11:28,iPhone,6,8,5,8,Hamrun
215605764,764,,,185.5.48.141,,23/04/2023 11:33,Samsung,6,6,10,10,Qormi
215606678,765,,,46.11.163.150,,23/04/2023 12:11,iPhone,10,10,9,10,Msida
215606711,766,,,185.5.48.34,,23/04/2023 12:10,Samsung,6,6,9,10,Qormi
215607963,767,,,213.165.180.22,,23/04/2023 12:56,OnePlus,5,1,6,5,Zebbug (Ghawdex) (Malta)
215608594,768,,,69.6.33.83,,23/04/2023 13:17,Samsung,8,8,8,10,Dingli
215608641,769,,,46.11.100.6,,23/04/2023 13:19,Samsung,10,10,10,10,Msida
215612184,770,,,46.11.172.104,,23/04/2023 14:45,Samsung,10,10,9,9,Luqa
215624275,771,,,46.11.128.92,,23/04/2023 15:08,Samsung,9,10,9,9,Dingli
215632630,772,,,185.5.48.46,,23/04/2023 15:41,iPhone,6,8,6,9,Rabat (Malta)
215638925,773,,,185.5.48.44,,23/04/2023 16:44,Xiaomi,7,8,9,10,Gzira
215639106,774,,,46.11.172.19,,23/04/2023 16:46,iPhone,6,5,10,7,"Paola,Malta"
215640348,775,,,46.11.10.142,,23/04/2023 17:03,iPhone,9,10,10,10,Mqabba
215646381,776,,,46.11.109.13,,23/04/2023 18:22,Xiaomi,1,1,1,1,Dingli
215647005,777,,,78.133.54.126,,23/04/2023 18:30,Samsung,9,9,9,9,Zebbug (Ghawdex) (Ghawdex)
215647917,778,,,185.5.48.147,,23/04/2023 18:46,Xiaomi,2,2,4,2,Kirkop
215649190,779,,,141.8.36.33,,23/04/2023 19:07,Xiaomi,8,8,8,8,Birkirkara
215649405,780,,,78.133.62.170,,23/04/2023 19:09,Samsung,3,10,1,10,Birkirkara
215652924,781,,,92.251.127.95,,23/04/2023 20:09,iPhone,9,10,10,10,Qormi
215655852,782,,,185.5.48.53,,23/04/2023 21:05,Xiaomi,3,4,7,9,Zebbug (Ghawdex) (Malta)
215658733,783,,,185.5.48.2,,23/04/2023 22:02,Xiaomi,7,7,7,7,Kirkop
215663068,784,,,185.5.48.129,,24/04/2023 00:28,Samsung,2,10,4,10,Mqabba
215664938,785,,,77.71.140.245,,24/04/2023 03:34,iPhone,5,7,7,7,Sannat
215666485,786,,,185.5.48.149,,24/04/2023 06:19,Other,3,2,5,7,Valletta
215669833,787,,,185.5.48.45,,24/04/2023 08:07,Xiaomi,10,10,10,10,Valletta
215669988,788,,,92.251.20.212,,24/04/2023 08:07,iPhone,1,1,5,1,Mqabba
215670430,789,,,195.158.101.213,,24/04/2023 08:17,Samsung,9,9,8,10,Marsa
215680282,790,,,185.5.48.164,,24/04/2023 10:00,iPhone,8,10,8,8,Zebbug (Ghawdex) (Malta)
215680336,791,,,185.5.48.37,,24/04/2023 10:01,iPhone,1,4,1,4,Valletta
215680839,792,,,46.11.132.161,,24/04/2023 10:04,Samsung,2,8,7,8,Valletta
215690400,793,,,185.5.48.7,,24/04/2023 10:37,iPhone,6,5,7,8,Marsa
215694215,794,,,185.5.48.13,,24/04/2023 12:02,iPhone,10,10,10,10,Rabat (Malta)
215704167,795,,,77.71.249.128,,24/04/2023 13:20,Other,1,5,10,10,Luqa
215708687,796,,,92.251.95.56,,24/04/2023 13:51,iPhone,5,9,2,10,Zurrieq
215719467,797,,,185.5.48.20,,24/04/2023 15:07,iPhone,4,3,6,9,Qormi
215736207,798,,,185.5.48.168,,24/04/2023 17:17,iPhone,2,3,6,5,Gudja
215736962,799,,,141.8.102.30,,24/04/2023 17:23,Samsung,5,5,5,10,Luqa
215741794,800,,,46.11.4.107,,24/04/2023 18:02,Samsung,9,9,10,9,"Paola,Malta"
215742179,801,,,185.5.48.180,,24/04/2023 18:26,Xiaomi,9,9,10,9,Zebbug (Ghawdex) (Malta)
215748896,802,,,94.17.202.1,,24/04/2023 19:46,Xiaomi,6,5,5,10,Luqa
215752073,803,,,185.5.48.180,,24/04/2023 20:33,Samsung,5,4,6,4,"Paola,Malta"
215768258,804,,,77.71.162.105,,25/04/2023 05:39,Huawei,3,3,7,5,Zebbug (Ghawdex) (Malta)
215769182,805,,,185.5.48.157,,25/04/2023 06:27,Other,10,10,9,10,Msida
215772032,806,,,185.5.48.143,,25/04/2023 07:40,Samsung,5,6,5,6,Zejtun
215774182,807,,,185.5.48.133,,25/04/2023 08:13,iPhone,1,1,4,5,Mellieha
215779073,808,,,185.5.48.3,,25/04/2023 08:49,Samsung,5,5,7,10,Qormi
215794420,809,,,185.5.48.161,,25/04/2023 11:04,Samsung,8,8,6,10,Hamrun
215810950,810,,,185.5.48.142,,25/04/2023 13:19,Samsung,5,5,5,5,Zabbar
215817362,811,,,94.17.117.32,,25/04/2023 14:10,Samsung,10,10,9,10,Qormi
215818769,812,,,212.65.116.6,,25/04/2023 14:19,Samsung,8,8,8,10,Xghajra
215877330,813,,,92.251.57.149,,26/04/2023 05:42,iPhone,10,10,10,10,Gudja
215877897,814,,,185.5.48.15,,26/04/2023 06:12,iPhone,5,4,6,6,Luqa
215911403,815,,,84.255.29.107,,26/04/2023 13:08,OnePlus,10,10,10,10,Hamrun
215915664,816,,,185.5.48.144,,26/04/2023 13:43,Samsung,6,10,6,10,Attard
215918936,817,,,78.133.78.242,,26/04/2023 14:09,iPhone,10,10,10,10,Msida
215933500,818,,,88.203.112.254,,26/04/2023 16:09,Samsung,10,8,8,10,Floriana
215942736,819,,,185.5.48.8,,26/04/2023 18:00,Samsung,9,10,7,8,Valletta
215947432,820,,,141.8.68.116,,26/04/2023 19:21,iPhone,5,5,7,8,Kappara
215948397,821,,,88.203.1.249,,26/04/2023 19:41,iPhone,7,8,8,8,Sliema
215975602,822,,,78.133.15.61,,27/04/2023 10:41,OnePlus,5,7,7,7,San Gwann
215986084,823,,,185.5.48.53,,27/04/2023 12:32,Samsung,6,6,7,4,"Paola,Malta"
215986105,824,,,185.5.48.158,,27/04/2023 12:33,Samsung,2,3,3,3,Fgura
215986374,825,,,185.5.48.19,,27/04/2023 12:35,iPhone,1,4,2,7,"Paola,Malta"
215986421,826,,,185.5.48.130,,27/04/2023 12:35,Samsung,9,10,9,10,"Paola,Malta"
215986445,827,,,213.165.179.88,,27/04/2023 12:33,iPhone,4,4,5,10,"Paola,Malta"
215986524,828,,,185.5.48.156,,27/04/2023 12:34,Samsung,6,6,7,7,"Paola,Malta"
215986668,829,,,46.11.162.50,,27/04/2023 12:37,iPhone,10,10,10,10,Floriana
215986845,830,,,141.8.75.167,,27/04/2023 12:39,OnePlus,10,10,8,10,"Paola,Malta"
215987096,831,,,213.165.173.85,,27/04/2023 12:42,iPhone,3,3,5,8,"Paola,Malta"
215987103,832,,,77.25.143.64,,27/04/2023 12:32,Samsung,4,4,5,9,"Paola,Malta"
215987446,833,,,185.5.48.165,,27/04/2023 12:47,iPhone,10,10,10,10,"Paola,Malta"
215989417,834,,,94.17.234.8,,27/04/2023 13:05,Samsung,7,7,6,10,Floriana
215989498,835,,,185.5.48.155,,27/04/2023 13:06,iPhone,9,10,10,10,Bugibba
215991007,836,,,185.5.48.9,,27/04/2023 13:16,Samsung,2,2,2,2,Tarxien
215993412,837,,,185.5.48.5,,27/04/2023 13:40,Other,10,10,10,10,Kordin
215995986,838,,,141.8.74.97,,27/04/2023 13:55,iPhone,1,8,8,8,Tarxien
215997357,839,,,195.158.79.104,,27/04/2023 14:25,iPhone,6,8,8,9,Birkirkara
215997885,840,,,94.17.233.2,,27/04/2023 14:29,Samsung,9,10,10,9,"Paola,Malta"
215998024,841,,,185.5.48.144,,27/04/2023 14:33,iPhone,1,1,5,5,Zebbug (Ghawdex) (Malta)
216001910,842,,,88.203.10.216,,27/04/2023 15:11,iPhone,8,9,8,9,"Paola,Malta"
216013125,843,,,46.11.241.234,,27/04/2023 16:46,Xiaomi,1,1,7,8,Zebbiegh
216024379,844,,,185.5.48.164,,27/04/2023 19:23,Xiaomi,10,10,9,10,Kirkop
216025147,845,,,77.243.79.97,,27/04/2023 19:35,Samsung,6,10,6,10,Luqa
216031236,846,,,88.203.119.75,,27/04/2023 22:02,iPhone,6,10,5,10,Sliema
216055669,847,,,46.11.56.107,,28/04/2023 08:47,Samsung,10,7,8,10,Birkirkara
216063884,848,,,77.25.153.239,,28/04/2023 10:09,iPhone,8,7,7,9,Birkirkara
216069500,849,,,2606:54c0:4ec0::10e:9a,,28/04/2023 10:48,iPhone,1,7,1,10,Birzebbuga
216096868,850,,,92.251.36.223,,28/04/2023 13:51,Samsung,1,1,1,1,Zebbug (Ghawdex) (Malta)
216113262,851,,,212.56.153.212,,28/04/2023 15:38,Samsung,4,5,9,9,Ghaxaq
216124730,852,,,185.5.48.168,,28/04/2023 17:20,iPhone,5,10,10,10,Zebbug (Ghawdex) (Malta)
216126605,853,,,185.5.48.43,,28/04/2023 17:43,iPhone,8,8,8,10,Birgu
216141452,854,,,185.5.48.159,,26/04/2023 13:25,Samsung,7,7,3,7,Msida
216150340,855,,,185.5.48.26,,29/04/2023 08:42,iPhone,4,8,4,8,"Paola,Malta"
216152894,856,,,185.5.48.141,,29/04/2023 10:23,Xiaomi,8,8,8,8,Ghaxaq
216154471,857,,,46.11.240.247,,29/04/2023 11:00,iPhone,1,1,1,1,Marsa
216165423,858,,,185.5.48.40,,29/04/2023 17:26,Samsung,8,8,8,10,"Paola,Malta"
216179177,859,,,46.11.243.147,,30/04/2023 09:20,iPhone,2,1,2,2,Sliema
216187003,860,,,185.5.48.162,,30/04/2023 14:38,Samsung,10,10,10,10,Birkirkara
216195754,861,,,185.5.48.14,,30/04/2023 20:39,Other,1,5,1,5,Birkirkara
216222622,862,,,185.5.48.4,,01/05/2023 18:53,Samsung,10,7,9,10,Kalkara
216238741,863,,,185.5.48.5,,02/05/2023 08:59,Samsung,9,10,9,9,Fgura
216250509,864,,,195.158.98.116,,02/05/2023 10:41,iPhone,5,5,5,6,Gudja
216252776,865,,,185.5.48.128,,02/05/2023 11:01,Xiaomi,10,9,10,10,"Paola,Malta"
216336343,866,,,46.11.226.34,,03/05/2023 08:32,iPhone,3,1,8,8,Ghaxaq
216400172,867,,,92.251.111.207,,03/05/2023 18:04,Xiaomi,1,3,1,5,Marsaxlokk
216485544,868,,,185.5.48.128,,04/05/2023 16:26,Samsung,6,7,7,7,Zabbar
216562699,869,,,185.5.48.171,,05/05/2023 17:58,Samsung,6,10,6,10,Haz Zebbug (Ghawdex)
216592703,870,,,185.5.48.132,,06/05/2023 17:19,Samsung,2,2,2,10,Zejtun
216603342,871,,,77.25.153.16,,07/05/2023 09:24,iPhone,3,3,10,10,Dingli
216605157,872,,,185.5.48.133,,07/05/2023 10:36,Xiaomi,5,10,3,10,Marsa
216943307,873,,,2a09:bac2:48d0:18f0::27c:50,,09/05/2023 08:47,iPhone,3,8,3,9,Pembroke
217065216,874,,,185.5.48.22,,09/05/2023 19:34,Other,5,8,1,8,Pieta
217183852,875,,,185.5.48.155,,10/05/2023 14:07,Huawei,8,8,8,10,Mosta
217473981,876,,,185.5.48.47,,13/05/2023 10:15,Samsung,10,10,10,10,Zabbar
217474189,877,,,78.133.12.69,,13/05/2023 10:20,Samsung,8,8,7,9,"Paola,Malta"
217477602,878,,,92.251.77.133,,13/05/2023 11:31,Samsung,8,5,7,4,Zejtun
